create database DA1_RedFox_Cinema;

use DA1_RedFox_Cinema;

---------------------
----- Tạo Table -----
---------------------

-- Table NhanVien
create table NhanVien(
	ID_nv nvarchar(15) not null primary key,
	hoten_nv nvarchar(50) not null,
	gioitinh_nv nvarchar(10) not null,
	sdt_nv nvarchar(10) not null unique,
	namsinh_nv int not null,
	email_nv nvarchar(50) unique,
	chucvu_nv nvarchar(15) not null,
	tinhtrang_nv nvarchar(50) not null
);

-- Table AccLogin
create table Acc_Login(
	Username nvarchar(15) not null primary key,
	Pass nvarchar(10) not null,
	role_nv nvarchar(15) not null,
	constraint fk_Acc_Login_Nhanvien foreign key (Username) references NhanVien(ID_nv)
);

-- Table KhachHang
create table KhachHang(
	ID_kh nvarchar(15) not null primary key,
	hoten_kh nvarchar(50) not null,
	diachi_kh nvarchar(50) not null,
	sdt_kh nvarchar(10) not null unique,
	email_kh nvarchar(100) not null unique,
	gioitinh_kh nvarchar(10) not null,
	ngaydangky date not null,
);

-- Table Rank_KH
create table Rank_KH(
	ID_kh nvarchar(15) not null primary key,
	tongchitieu int not null,
	rank_kh nvarchar(15) not null,
	constraint fk_Rank_KH_KhachHang foreign key (ID_kh) references KhachHang(ID_kh)

);

-- Table GiaVe
create table GiaVe(
	ID_giave nvarchar(15) not null primary key,
	tenloaive nvarchar(50) not null,
	dongia int not null 
);

-- Table Phim
create table Phim(
	ID_phim nvarchar(15) not null primary key,
	tenphim nvarchar(100) not null,
	thoiluong int not null,
	gioihantuoi nvarchar(10) not null,
	ngaycongchieu date not null,
	ngonngu nvarchar(50) not null,
	dienvien nvarchar(150) not null,
	quocgia_sx nvarchar(50) not null,
	nsx nvarchar(100) not null,
	tomtat nvarchar(1000) not null,
	trangthai nvarchar(20) not null,
	loaiphim nvarchar(50) not null
);

-- Table DinhDangPhim
create table DinhDangPhim(
	ID_dinhdangphim nvarchar(5)not null primary key,
	tendinhdang nvarchar(20) not null,
	phuthu_dinhdang int not null
);

-- Table PhongChieu
create table PhongChieu(
	ID_phongchieu int not null primary key,
	soluongday int not null,
	soluongcot int not null
);

-- Table SuatChieu
create table SuatChieu(
	ID_suatchieu nvarchar(15) not null primary key,
	giobatdau time not null,
	gioketthuc time not null,
	ngaychieu date,
	ID_phim nvarchar(15) not null,
	ID_phongchieu int not null,
	ID_dinhdangphim nvarchar(5) not null,
	constraint fk_SuatChieu_Phim foreign key (ID_phim) references Phim(ID_phim),
	constraint fk_SuatChieu_PhongChieu foreign key (ID_phongchieu) references PhongChieu(ID_phongchieu),
	constraint fk_SuatChieu_DinhDangPhim foreign key (ID_dinhdangphim) references DinhDangPhim(ID_dinhdangphim)
);

-- Table LoaiGhe
create table LoaiGhe(
	ID_loaighe nvarchar(2) not null primary key,
	tenloaighe nvarchar(20) not null,
	phuthu int not null
);

-- Table GheNgoi
create table GheNgoi(
	ID_ghe int not null primary key,
	vitriday nvarchar(1) not null,
	vitricot int not null,
	ID_phongchieu int not null,
	ID_loaighe nvarchar(2) not null,
	constraint fk_GheNgoi_LoaiGhe foreign key (ID_loaighe) references LoaiGhe(ID_loaighe),
	constraint fk_GheNgoi_PhongChieu foreign key (ID_phongchieu) references PhongChieu(ID_phongchieu)
);

-- Table Ve
create table Ve(
	ID_ve int not null primary key identity(1,1),
	ngayban date not null,
	tongtien int not null,
	ID_suatchieu nvarchar(15) not null,
	ID_giave nvarchar(15) not null,
	ID_ghe int not null,
	ID_nv nvarchar(15) not null,
	ID_kh nvarchar(15),
	constraint fk_Ve_SuatChieu foreign key (ID_suatchieu) references SuatChieu(ID_suatchieu),
	constraint fk_Ve_GiaVe foreign key (ID_giave) references GiaVe(ID_giave),
	constraint fk_Ve_GheNgoi foreign key (ID_ghe) references GheNgoi(ID_ghe),
	constraint fk_Ve_NhanVien foreign key (ID_nv) references NhanVien(ID_nv),
	constraint fk_Ve_KhachHang foreign key (ID_kh) references KhachHang(ID_kh)
);
-- Table Remember
create table Remember_Login(
	username nvarchar(20),
	password nvarchar(20),
	count int,
	IP_Computer nvarchar(100)
);
---------------
----- End -----
---------------

------------------------
----- Tạo Triggers -----
------------------------

create trigger trg_getrecord_RankKH_from_KhachHang on KhachHang
after insert
as
begin
	insert into Rank_KH values((select ID_kh from inserted), 0, N'Đồng');
end;

---------------
----- End -----
---------------

------------------------
----- Thêm dữ liệu -----
------------------------

-- Table NhanVien
insert into NhanVien values (N'PS26524', N'Nguyễn Trọng Khoa', N'Nam', N'0991234567', 1997, N'khoantps26524@fpt.edu.vn', N'Nhân viên', N'Còn làm');
insert into NhanVien values (N'PS26548', N'Nguyễn Ngọc Minh Thuận', N'Nam', N'0981234567', 1997, N'thuannnmps26548@fpt.edu.vn', N'Quản lý', N'Còn làm');
insert into NhanVien values (N'PS26555', N'Nguyễn Hoàng Dũng', N'Nam', N'0971234567', 1999, N'dungnhps26555@fpt.edu.vn', N'Nhân viên', N'Còn làm');
insert into NhanVien values (N'PS26562', N'Nguyễn Đình Dũng', N'Nam', N'0961234567', 2000, N'dungndps26562@fpt.edu.vn', N'Nhân viên', N'Còn làm');
insert into NhanVien values (N'PS26440', N'Võ Trọng Quý', N'Nam', N'0951234567', 1995, N'quyvtps26652@fpt.edu.vn', N'Nhân viên', N'Còn làm');
insert into NhanVien values (N'PS26652', N'Huỳnh Tấn Phát', N'Nam', N'0941234567', 2000, N'phathtps26652@fpt.edu.vn', N'Nhân viên', N'Còn làm');
insert into NhanVien values (N'PS00001', N'Mai Thị Nở', N'Nữ', N'0900000001', 2003, N'thino@gmail.com', N'Nhân viên', N'Nghỉ việc');

-- Table Acc_Login
insert into Acc_Login values (N'PS26524', N'12345', N'Nhân viên');
insert into Acc_Login values (N'PS26548', N'12345', N'Quản lý');

-- Table DinhDangPhim
insert into DinhDangPhim values (N'2D', N'Định dạng 2D', 0);
insert into DinhDangPhim values (N'3D', N'Định dạng 3D', 25000);
insert into DinhDangPhim values (N'IMAX', N'Định dạng IMAX', 35000);
insert into DinhDangPhim values (N'4DX', N'Định dạng 4DX', 45000);


-- Table LoaiGhe
insert into LoaiGhe values (N'GT', N'Ghế thường', 0);
insert into LoaiGhe values (N'GV', N'Ghế VIP', 25000);

-- Table GiaVe
insert into GiaVe values (N'Adults', N'Người lớn', 90000);
insert into GiaVe values (N'Student', N'U22', 55000);

-- Table KhachHang
insert into KhachHang values (N'KH0001', N'Nguyễn Văn Tèo', N'TPHCM', N'0999765432', N'vanteo@gmail.com', N'nam', '2022-12-24');
insert into KhachHang values (N'KH0002', N'Phạm Văn Thanh', N'Phan Thiết', N'0998765432', N'vanthanh@gmail.com', N'Nữ', '2021-11-30');
insert into KhachHang values (N'KH0003', N'Bùi Quang Tí', N'Đồng Nai', N'0997765432', N'quangti@gmail.com', N'Khác', '2021-04-10');
insert into KhachHang values (N'KH0004', N'Lê Bích Sương', N'Bình Phước', N'0996765432', N'bichsuong@gmail.com', N'Nữ', '2023-01-25');
insert into KhachHang values (N'KH0005', N'Mai Quang Dậu', N'Kon Tum', N'0995765432', N'quangdau@gmail.com', N'Nam', '2023-01-20');

-- Table PhongChieu
insert into PhongChieu values (1, 10, 10);
insert into PhongChieu values (2, 10, 10);
insert into PhongChieu values (3, 10, 10);
insert into PhongChieu values (4, 10, 10);
insert into PhongChieu values (5, 10, 10);

-- Table GheNgoi
insert into GheNgoi values (1, 'A', 1, 1, 'GT');					
insert into GheNgoi values (2, 'A', 2, 1, 'GT');					
insert into GheNgoi values (3, 'A', 3, 1, 'GT');					
insert into GheNgoi values (4, 'A', 4, 1, 'GT');					
insert into GheNgoi values (5, 'A', 5, 1, 'GT');					
insert into GheNgoi values (6, 'A', 6, 1, 'GT');					
insert into GheNgoi values (7, 'A', 7, 1, 'GT');					
insert into GheNgoi values (8, 'A', 8, 1, 'GT');					
insert into GheNgoi values (9, 'A', 9, 1, 'GT');					
insert into GheNgoi values (10, 'A', 10, 1, 'GT');					
insert into GheNgoi values (11, 'B', 1, 1, 'GT');					
insert into GheNgoi values (12, 'B', 2, 1, 'GT');					
insert into GheNgoi values (13, 'B', 3, 1, 'GT');					
insert into GheNgoi values (14, 'B', 4, 1, 'GT');					
insert into GheNgoi values (15, 'B', 5, 1, 'GT');					
insert into GheNgoi values (16, 'B', 6, 1, 'GT');					
insert into GheNgoi values (17, 'B', 7, 1, 'GT');					
insert into GheNgoi values (18, 'B', 8, 1, 'GT');					
insert into GheNgoi values (19, 'B', 9, 1, 'GT');					
insert into GheNgoi values (20, 'B', 10, 1, 'GT');					
insert into GheNgoi values (21, 'C', 1, 1, 'GT');					
insert into GheNgoi values (22, 'C', 2, 1, 'GT');					
insert into GheNgoi values (23, 'C', 3, 1, 'GT');					
insert into GheNgoi values (24, 'C', 4, 1, 'GT');					
insert into GheNgoi values (25, 'C', 5, 1, 'GT');					
insert into GheNgoi values (26, 'C', 6, 1, 'GT');					
insert into GheNgoi values (27, 'C', 7, 1, 'GT');					
insert into GheNgoi values (28, 'C', 8, 1, 'GT');					
insert into GheNgoi values (29, 'C', 9, 1, 'GT');					
insert into GheNgoi values (30, 'C', 10, 1, 'GT');					
insert into GheNgoi values (31, 'D', 1, 1, 'GT');					
insert into GheNgoi values (32, 'D', 2, 1, 'GT');					
insert into GheNgoi values (33, 'D', 3, 1, 'GT');					
insert into GheNgoi values (34, 'D', 4, 1, 'GT');					
insert into GheNgoi values (35, 'D', 5, 1, 'GT');					
insert into GheNgoi values (36, 'D', 6, 1, 'GT');					
insert into GheNgoi values (37, 'D', 7, 1, 'GT');					
insert into GheNgoi values (38, 'D', 8, 1, 'GT');					
insert into GheNgoi values (39, 'D', 9, 1, 'GT');					
insert into GheNgoi values (40, 'D', 10, 1, 'GT');					
insert into GheNgoi values (41, 'E', 1, 1, 'GV');					
insert into GheNgoi values (42, 'E', 2, 1, 'GV');					
insert into GheNgoi values (43, 'E', 3, 1, 'GV');					
insert into GheNgoi values (44, 'E', 4, 1, 'GV');					
insert into GheNgoi values (45, 'E', 5, 1, 'GV');					
insert into GheNgoi values (46, 'E', 6, 1, 'GV');					
insert into GheNgoi values (47, 'E', 7, 1, 'GV');					
insert into GheNgoi values (48, 'E', 8, 1, 'GV');					
insert into GheNgoi values (49, 'E', 9, 1, 'GV');					
insert into GheNgoi values (50, 'E', 10, 1, 'GV');					
insert into GheNgoi values (51, 'F', 1, 1, 'GV');					
insert into GheNgoi values (52, 'F', 2, 1, 'GV');					
insert into GheNgoi values (53, 'F', 3, 1, 'GV');					
insert into GheNgoi values (54, 'F', 4, 1, 'GV');					
insert into GheNgoi values (55, 'F', 5, 1, 'GV');					
insert into GheNgoi values (56, 'F', 6, 1, 'GV');					
insert into GheNgoi values (57, 'F', 7, 1, 'GV');					
insert into GheNgoi values (58, 'F', 8, 1, 'GV');					
insert into GheNgoi values (59, 'F', 9, 1, 'GV');					
insert into GheNgoi values (60, 'F', 10, 1, 'GV');					
insert into GheNgoi values (61, 'G', 1, 1, 'GV');					
insert into GheNgoi values (62, 'G', 2, 1, 'GV');					
insert into GheNgoi values (63, 'G', 3, 1, 'GV');					
insert into GheNgoi values (64, 'G', 4, 1, 'GV');					
insert into GheNgoi values (65, 'G', 5, 1, 'GV');					
insert into GheNgoi values (66, 'G', 6, 1, 'GV');					
insert into GheNgoi values (67, 'G', 7, 1, 'GV');					
insert into GheNgoi values (68, 'G', 8, 1, 'GV');					
insert into GheNgoi values (69, 'G', 9, 1, 'GV');					
insert into GheNgoi values (70, 'G', 10, 1, 'GV');					
insert into GheNgoi values (71, 'H', 1, 1, 'GV');					
insert into GheNgoi values (72, 'H', 2, 1, 'GV');					
insert into GheNgoi values (73, 'H', 3, 1, 'GV');					
insert into GheNgoi values (74, 'H', 4, 1, 'GV');					
insert into GheNgoi values (75, 'H', 5, 1, 'GV');					
insert into GheNgoi values (76, 'H', 6, 1, 'GV');					
insert into GheNgoi values (77, 'H', 7, 1, 'GV');					
insert into GheNgoi values (78, 'H', 8, 1, 'GV');					
insert into GheNgoi values (79, 'H', 9, 1, 'GV');					
insert into GheNgoi values (80, 'H', 10, 1, 'GV');					
insert into GheNgoi values (81, 'I', 1, 1, 'GV');					
insert into GheNgoi values (82, 'I', 2, 1, 'GV');					
insert into GheNgoi values (83, 'I', 3, 1, 'GV');					
insert into GheNgoi values (84, 'I', 4, 1, 'GV');					
insert into GheNgoi values (85, 'I', 5, 1, 'GV');					
insert into GheNgoi values (86, 'I', 6, 1, 'GV');					
insert into GheNgoi values (87, 'I', 7, 1, 'GV');					
insert into GheNgoi values (88, 'I', 8, 1, 'GV');					
insert into GheNgoi values (89, 'I', 9, 1, 'GV');					
insert into GheNgoi values (90, 'I', 10, 1, 'GV');					
insert into GheNgoi values (91, 'J', 1, 1, 'GV');					
insert into GheNgoi values (92, 'J', 2, 1, 'GV');					
insert into GheNgoi values (93, 'J', 3, 1, 'GV');					
insert into GheNgoi values (94, 'J', 4, 1, 'GV');					
insert into GheNgoi values (95, 'J', 5, 1, 'GV');					
insert into GheNgoi values (96, 'J', 6, 1, 'GV');					
insert into GheNgoi values (97, 'J', 7, 1, 'GV');					
insert into GheNgoi values (98, 'J', 8, 1, 'GV');					
insert into GheNgoi values (99, 'J', 9, 1, 'GV');					
insert into GheNgoi values (100, 'J', 10, 1, 'GV');	
insert into GheNgoi values (101, 'A', 1, 2, 'GT');					
insert into GheNgoi values (102, 'A', 2, 2, 'GT');					
insert into GheNgoi values (103, 'A', 3, 2, 'GT');					
insert into GheNgoi values (104, 'A', 4, 2, 'GT');					
insert into GheNgoi values (105, 'A', 5, 2, 'GT');					
insert into GheNgoi values (106, 'A', 6, 2, 'GT');					
insert into GheNgoi values (107, 'A', 7, 2, 'GT');					
insert into GheNgoi values (108, 'A', 8, 2, 'GT');					
insert into GheNgoi values (109, 'A', 9, 2, 'GT');					
insert into GheNgoi values (110, 'A', 10, 2, 'GT');					
insert into GheNgoi values (111, 'B', 1, 2, 'GT');					
insert into GheNgoi values (112, 'B', 2, 2, 'GT');					
insert into GheNgoi values (113, 'B', 3, 2, 'GT');					
insert into GheNgoi values (114, 'B', 4, 2, 'GT');					
insert into GheNgoi values (115, 'B', 5, 2, 'GT');					
insert into GheNgoi values (116, 'B', 6, 2, 'GT');					
insert into GheNgoi values (117, 'B', 7, 2, 'GT');					
insert into GheNgoi values (118, 'B', 8, 2, 'GT');					
insert into GheNgoi values (119, 'B', 9, 2, 'GT');					
insert into GheNgoi values (120, 'B', 10, 2, 'GT');					
insert into GheNgoi values (121, 'C', 1, 2, 'GT');					
insert into GheNgoi values (122, 'C', 2, 2, 'GT');					
insert into GheNgoi values (123, 'C', 3, 2, 'GT');					
insert into GheNgoi values (124, 'C', 4, 2, 'GT');					
insert into GheNgoi values (125, 'C', 5, 2, 'GT');					
insert into GheNgoi values (126, 'C', 6, 2, 'GT');					
insert into GheNgoi values (127, 'C', 7, 2, 'GT');					
insert into GheNgoi values (128, 'C', 8, 2, 'GT');					
insert into GheNgoi values (129, 'C', 9, 2, 'GT');					
insert into GheNgoi values (130, 'C', 10, 2, 'GT');					
insert into GheNgoi values (131, 'D', 1, 2, 'GT');					
insert into GheNgoi values (132, 'D', 2, 2, 'GT');					
insert into GheNgoi values (133, 'D', 3, 2, 'GT');					
insert into GheNgoi values (134, 'D', 4, 2, 'GT');					
insert into GheNgoi values (135, 'D', 5, 2, 'GT');					
insert into GheNgoi values (136, 'D', 6, 2, 'GT');					
insert into GheNgoi values (137, 'D', 7, 2, 'GT');					
insert into GheNgoi values (138, 'D', 8, 2, 'GT');					
insert into GheNgoi values (139, 'D', 9, 2, 'GT');					
insert into GheNgoi values (140, 'D', 10, 2, 'GT');					
insert into GheNgoi values (141, 'E', 1, 2, 'GV');					
insert into GheNgoi values (142, 'E', 2, 2, 'GV');					
insert into GheNgoi values (143, 'E', 3, 2, 'GV');					
insert into GheNgoi values (144, 'E', 4, 2, 'GV');					
insert into GheNgoi values (145, 'E', 5, 2, 'GV');					
insert into GheNgoi values (146, 'E', 6, 2, 'GV');					
insert into GheNgoi values (147, 'E', 7, 2, 'GV');					
insert into GheNgoi values (148, 'E', 8, 2, 'GV');					
insert into GheNgoi values (149, 'E', 9, 2, 'GV');					
insert into GheNgoi values (150, 'E', 10, 2, 'GV');					
insert into GheNgoi values (151, 'F', 1, 2, 'GV');					
insert into GheNgoi values (152, 'F', 2, 2, 'GV');					
insert into GheNgoi values (153, 'F', 3, 2, 'GV');					
insert into GheNgoi values (154, 'F', 4, 2, 'GV');					
insert into GheNgoi values (155, 'F', 5, 2, 'GV');					
insert into GheNgoi values (156, 'F', 6, 2, 'GV');					
insert into GheNgoi values (157, 'F', 7, 2, 'GV');					
insert into GheNgoi values (158, 'F', 8, 2, 'GV');					
insert into GheNgoi values (159, 'F', 9, 2, 'GV');					
insert into GheNgoi values (160, 'F', 10, 2, 'GV');					
insert into GheNgoi values (161, 'G', 1, 2, 'GV');					
insert into GheNgoi values (162, 'G', 2, 2, 'GV');					
insert into GheNgoi values (163, 'G', 3, 2, 'GV');					
insert into GheNgoi values (164, 'G', 4, 2, 'GV');					
insert into GheNgoi values (165, 'G', 5, 2, 'GV');					
insert into GheNgoi values (166, 'G', 6, 2, 'GV');					
insert into GheNgoi values (167, 'G', 7, 2, 'GV');					
insert into GheNgoi values (168, 'G', 8, 2, 'GV');					
insert into GheNgoi values (169, 'G', 9, 2, 'GV');					
insert into GheNgoi values (170, 'G', 10, 2, 'GV');					
insert into GheNgoi values (171, 'H', 1, 2, 'GV');					
insert into GheNgoi values (172, 'H', 2, 2, 'GV');					
insert into GheNgoi values (173, 'H', 3, 2, 'GV');					
insert into GheNgoi values (174, 'H', 4, 2, 'GV');					
insert into GheNgoi values (175, 'H', 5, 2, 'GV');					
insert into GheNgoi values (176, 'H', 6, 2, 'GV');					
insert into GheNgoi values (177, 'H', 7, 2, 'GV');					
insert into GheNgoi values (178, 'H', 8, 2, 'GV');					
insert into GheNgoi values (179, 'H', 9, 2, 'GV');					
insert into GheNgoi values (180, 'H', 10, 2, 'GV');					
insert into GheNgoi values (181, 'I', 1, 2, 'GV');					
insert into GheNgoi values (182, 'I', 2, 2, 'GV');					
insert into GheNgoi values (183, 'I', 3, 2, 'GV');					
insert into GheNgoi values (184, 'I', 4, 2, 'GV');					
insert into GheNgoi values (185, 'I', 5, 2, 'GV');					
insert into GheNgoi values (186, 'I', 6, 2, 'GV');					
insert into GheNgoi values (187, 'I', 7, 2, 'GV');					
insert into GheNgoi values (188, 'I', 8, 2, 'GV');					
insert into GheNgoi values (189, 'I', 9, 2, 'GV');					
insert into GheNgoi values (190, 'I', 10, 2, 'GV');					
insert into GheNgoi values (191, 'J', 1, 2, 'GV');					
insert into GheNgoi values (192, 'J', 2, 2, 'GV');					
insert into GheNgoi values (193, 'J', 3, 2, 'GV');					
insert into GheNgoi values (194, 'J', 4, 2, 'GV');					
insert into GheNgoi values (195, 'J', 5, 2, 'GV');					
insert into GheNgoi values (196, 'J', 6, 2, 'GV');					
insert into GheNgoi values (197, 'J', 7, 2, 'GV');					
insert into GheNgoi values (198, 'J', 8, 2, 'GV');					
insert into GheNgoi values (199, 'J', 9, 2, 'GV');					
insert into GheNgoi values (200, 'J', 10, 2, 'GV');					
insert into GheNgoi values (201, 'A', 1, 3, 'GT');					
insert into GheNgoi values (202, 'A', 2, 3, 'GT');					
insert into GheNgoi values (203, 'A', 3, 3, 'GT');					
insert into GheNgoi values (204, 'A', 4, 3, 'GT');					
insert into GheNgoi values (205, 'A', 5, 3, 'GT');					
insert into GheNgoi values (206, 'A', 6, 3, 'GT');					
insert into GheNgoi values (207, 'A', 7, 3, 'GT');					
insert into GheNgoi values (208, 'A', 8, 3, 'GT');					
insert into GheNgoi values (209, 'A', 9, 3, 'GT');					
insert into GheNgoi values (210, 'A', 10, 3, 'GT');					
insert into GheNgoi values (211, 'B', 1, 3, 'GT');					
insert into GheNgoi values (212, 'B', 2, 3, 'GT');					
insert into GheNgoi values (213, 'B', 3, 3, 'GT');					
insert into GheNgoi values (214, 'B', 4, 3, 'GT');					
insert into GheNgoi values (215, 'B', 5, 3, 'GT');					
insert into GheNgoi values (216, 'B', 6, 3, 'GT');					
insert into GheNgoi values (217, 'B', 7, 3, 'GT');					
insert into GheNgoi values (218, 'B', 8, 3, 'GT');					
insert into GheNgoi values (219, 'B', 9, 3, 'GT');					
insert into GheNgoi values (220, 'B', 10, 3, 'GT');					
insert into GheNgoi values (221, 'C', 1, 3, 'GT');					
insert into GheNgoi values (222, 'C', 2, 3, 'GT');					
insert into GheNgoi values (223, 'C', 3, 3, 'GT');					
insert into GheNgoi values (224, 'C', 4, 3, 'GT');					
insert into GheNgoi values (225, 'C', 5, 3, 'GT');					
insert into GheNgoi values (226, 'C', 6, 3, 'GT');					
insert into GheNgoi values (227, 'C', 7, 3, 'GT');					
insert into GheNgoi values (228, 'C', 8, 3, 'GT');					
insert into GheNgoi values (229, 'C', 9, 3, 'GT');					
insert into GheNgoi values (230, 'C', 10, 3, 'GT');					
insert into GheNgoi values (231, 'D', 1, 3, 'GT');					
insert into GheNgoi values (232, 'D', 2, 3, 'GT');					
insert into GheNgoi values (233, 'D', 3, 3, 'GT');					
insert into GheNgoi values (234, 'D', 4, 3, 'GT');					
insert into GheNgoi values (235, 'D', 5, 3, 'GT');					
insert into GheNgoi values (236, 'D', 6, 3, 'GT');					
insert into GheNgoi values (237, 'D', 7, 3, 'GT');					
insert into GheNgoi values (238, 'D', 8, 3, 'GT');					
insert into GheNgoi values (239, 'D', 9, 3, 'GT');					
insert into GheNgoi values (240, 'D', 10, 3, 'GT');					
insert into GheNgoi values (241, 'E', 1, 3, 'GV');					
insert into GheNgoi values (242, 'E', 2, 3, 'GV');					
insert into GheNgoi values (243, 'E', 3, 3, 'GV');					
insert into GheNgoi values (244, 'E', 4, 3, 'GV');					
insert into GheNgoi values (245, 'E', 5, 3, 'GV');					
insert into GheNgoi values (246, 'E', 6, 3, 'GV');					
insert into GheNgoi values (247, 'E', 7, 3, 'GV');					
insert into GheNgoi values (248, 'E', 8, 3, 'GV');					
insert into GheNgoi values (249, 'E', 9, 3, 'GV');					
insert into GheNgoi values (250, 'E', 10, 3, 'GV');					
insert into GheNgoi values (251, 'F', 1, 3, 'GV');					
insert into GheNgoi values (252, 'F', 2, 3, 'GV');					
insert into GheNgoi values (253, 'F', 3, 3, 'GV');					
insert into GheNgoi values (254, 'F', 4, 3, 'GV');					
insert into GheNgoi values (255, 'F', 5, 3, 'GV');					
insert into GheNgoi values (256, 'F', 6, 3, 'GV');					
insert into GheNgoi values (257, 'F', 7, 3, 'GV');					
insert into GheNgoi values (258, 'F', 8, 3, 'GV');					
insert into GheNgoi values (259, 'F', 9, 3, 'GV');					
insert into GheNgoi values (260, 'F', 10, 3, 'GV');					
insert into GheNgoi values (261, 'G', 1, 3, 'GV');					
insert into GheNgoi values (262, 'G', 2, 3, 'GV');					
insert into GheNgoi values (263, 'G', 3, 3, 'GV');					
insert into GheNgoi values (264, 'G', 4, 3, 'GV');					
insert into GheNgoi values (265, 'G', 5, 3, 'GV');					
insert into GheNgoi values (266, 'G', 6, 3, 'GV');					
insert into GheNgoi values (267, 'G', 7, 3, 'GV');					
insert into GheNgoi values (268, 'G', 8, 3, 'GV');					
insert into GheNgoi values (269, 'G', 9, 3, 'GV');					
insert into GheNgoi values (270, 'G', 10, 3, 'GV');					
insert into GheNgoi values (271, 'H', 1, 3, 'GV');					
insert into GheNgoi values (272, 'H', 2, 3, 'GV');					
insert into GheNgoi values (273, 'H', 3, 3, 'GV');					
insert into GheNgoi values (274, 'H', 4, 3, 'GV');					
insert into GheNgoi values (275, 'H', 5, 3, 'GV');					
insert into GheNgoi values (276, 'H', 6, 3, 'GV');					
insert into GheNgoi values (277, 'H', 7, 3, 'GV');					
insert into GheNgoi values (278, 'H', 8, 3, 'GV');					
insert into GheNgoi values (279, 'H', 9, 3, 'GV');					
insert into GheNgoi values (280, 'H', 10, 3, 'GV');					
insert into GheNgoi values (281, 'I', 1, 3, 'GV');					
insert into GheNgoi values (282, 'I', 2, 3, 'GV');					
insert into GheNgoi values (283, 'I', 3, 3, 'GV');					
insert into GheNgoi values (284, 'I', 4, 3, 'GV');					
insert into GheNgoi values (285, 'I', 5, 3, 'GV');					
insert into GheNgoi values (286, 'I', 6, 3, 'GV');					
insert into GheNgoi values (287, 'I', 7, 3, 'GV');					
insert into GheNgoi values (288, 'I', 8, 3, 'GV');					
insert into GheNgoi values (289, 'I', 9, 3, 'GV');					
insert into GheNgoi values (290, 'I', 10, 3, 'GV');					
insert into GheNgoi values (291, 'J', 1, 3, 'GV');					
insert into GheNgoi values (292, 'J', 2, 3, 'GV');					
insert into GheNgoi values (293, 'J', 3, 3, 'GV');					
insert into GheNgoi values (294, 'J', 4, 3, 'GV');					
insert into GheNgoi values (295, 'J', 5, 3, 'GV');					
insert into GheNgoi values (296, 'J', 6, 3, 'GV');					
insert into GheNgoi values (297, 'J', 7, 3, 'GV');					
insert into GheNgoi values (298, 'J', 8, 3, 'GV');					
insert into GheNgoi values (299, 'J', 9, 3, 'GV');					
insert into GheNgoi values (300, 'J', 10, 3, 'GV');					
insert into GheNgoi values (301, 'A', 1, 4, 'GT');					
insert into GheNgoi values (302, 'A', 2, 4, 'GT');					
insert into GheNgoi values (303, 'A', 3, 4, 'GT');					
insert into GheNgoi values (304, 'A', 4, 4, 'GT');					
insert into GheNgoi values (305, 'A', 5, 4, 'GT');					
insert into GheNgoi values (306, 'A', 6, 4, 'GT');					
insert into GheNgoi values (307, 'A', 7, 4, 'GT');					
insert into GheNgoi values (308, 'A', 8, 4, 'GT');					
insert into GheNgoi values (309, 'A', 9, 4, 'GT');					
insert into GheNgoi values (310, 'A', 10, 4, 'GT');					
insert into GheNgoi values (311, 'B', 1, 4, 'GT');					
insert into GheNgoi values (312, 'B', 2, 4, 'GT');					
insert into GheNgoi values (313, 'B', 3, 4, 'GT');					
insert into GheNgoi values (314, 'B', 4, 4, 'GT');					
insert into GheNgoi values (315, 'B', 5, 4, 'GT');					
insert into GheNgoi values (316, 'B', 6, 4, 'GT');					
insert into GheNgoi values (317, 'B', 7, 4, 'GT');					
insert into GheNgoi values (318, 'B', 8, 4, 'GT');					
insert into GheNgoi values (319, 'B', 9, 4, 'GT');					
insert into GheNgoi values (320, 'B', 10, 4, 'GT');					
insert into GheNgoi values (321, 'C', 1, 4, 'GT');					
insert into GheNgoi values (322, 'C', 2, 4, 'GT');					
insert into GheNgoi values (323, 'C', 3, 4, 'GT');					
insert into GheNgoi values (324, 'C', 4, 4, 'GT');					
insert into GheNgoi values (325, 'C', 5, 4, 'GT');					
insert into GheNgoi values (326, 'C', 6, 4, 'GT');					
insert into GheNgoi values (327, 'C', 7, 4, 'GT');					
insert into GheNgoi values (328, 'C', 8, 4, 'GT');					
insert into GheNgoi values (329, 'C', 9, 4, 'GT');					
insert into GheNgoi values (330, 'C', 10, 4, 'GT');					
insert into GheNgoi values (331, 'D', 1, 4, 'GT');					
insert into GheNgoi values (332, 'D', 2, 4, 'GT');					
insert into GheNgoi values (333, 'D', 3, 4, 'GT');					
insert into GheNgoi values (334, 'D', 4, 4, 'GT');					
insert into GheNgoi values (335, 'D', 5, 4, 'GT');					
insert into GheNgoi values (336, 'D', 6, 4, 'GT');					
insert into GheNgoi values (337, 'D', 7, 4, 'GT');					
insert into GheNgoi values (338, 'D', 8, 4, 'GT');					
insert into GheNgoi values (339, 'D', 9, 4, 'GT');					
insert into GheNgoi values (340, 'D', 10, 4, 'GT');					
insert into GheNgoi values (341, 'E', 1, 4, 'GV');					
insert into GheNgoi values (342, 'E', 2, 4, 'GV');					
insert into GheNgoi values (343, 'E', 3, 4, 'GV');					
insert into GheNgoi values (344, 'E', 4, 4, 'GV');					
insert into GheNgoi values (345, 'E', 5, 4, 'GV');					
insert into GheNgoi values (346, 'E', 6, 4, 'GV');					
insert into GheNgoi values (347, 'E', 7, 4, 'GV');					
insert into GheNgoi values (348, 'E', 8, 4, 'GV');					
insert into GheNgoi values (349, 'E', 9, 4, 'GV');					
insert into GheNgoi values (350, 'E', 10, 4, 'GV');					
insert into GheNgoi values (351, 'F', 1, 4, 'GV');					
insert into GheNgoi values (352, 'F', 2, 4, 'GV');					
insert into GheNgoi values (353, 'F', 3, 4, 'GV');					
insert into GheNgoi values (354, 'F', 4, 4, 'GV');					
insert into GheNgoi values (355, 'F', 5, 4, 'GV');					
insert into GheNgoi values (356, 'F', 6, 4, 'GV');					
insert into GheNgoi values (357, 'F', 7, 4, 'GV');					
insert into GheNgoi values (358, 'F', 8, 4, 'GV');					
insert into GheNgoi values (359, 'F', 9, 4, 'GV');					
insert into GheNgoi values (360, 'F', 10, 4, 'GV');					
insert into GheNgoi values (361, 'G', 1, 4, 'GV');					
insert into GheNgoi values (362, 'G', 2, 4, 'GV');					
insert into GheNgoi values (363, 'G', 3, 4, 'GV');					
insert into GheNgoi values (364, 'G', 4, 4, 'GV');					
insert into GheNgoi values (365, 'G', 5, 4, 'GV');					
insert into GheNgoi values (366, 'G', 6, 4, 'GV');					
insert into GheNgoi values (367, 'G', 7, 4, 'GV');					
insert into GheNgoi values (368, 'G', 8, 4, 'GV');					
insert into GheNgoi values (369, 'G', 9, 4, 'GV');					
insert into GheNgoi values (370, 'G', 10, 4, 'GV');					
insert into GheNgoi values (371, 'H', 1, 4, 'GV');					
insert into GheNgoi values (372, 'H', 2, 4, 'GV');					
insert into GheNgoi values (373, 'H', 3, 4, 'GV');					
insert into GheNgoi values (374, 'H', 4, 4, 'GV');					
insert into GheNgoi values (375, 'H', 5, 4, 'GV');					
insert into GheNgoi values (376, 'H', 6, 4, 'GV');					
insert into GheNgoi values (377, 'H', 7, 4, 'GV');					
insert into GheNgoi values (378, 'H', 8, 4, 'GV');					
insert into GheNgoi values (379, 'H', 9, 4, 'GV');					
insert into GheNgoi values (380, 'H', 10, 4, 'GV');					
insert into GheNgoi values (381, 'I', 1, 4, 'GV');					
insert into GheNgoi values (382, 'I', 2, 4, 'GV');					
insert into GheNgoi values (383, 'I', 3, 4, 'GV');					
insert into GheNgoi values (384, 'I', 4, 4, 'GV');					
insert into GheNgoi values (385, 'I', 5, 4, 'GV');					
insert into GheNgoi values (386, 'I', 6, 4, 'GV');					
insert into GheNgoi values (387, 'I', 7, 4, 'GV');					
insert into GheNgoi values (388, 'I', 8, 4, 'GV');					
insert into GheNgoi values (389, 'I', 9, 4, 'GV');					
insert into GheNgoi values (390, 'I', 10, 4, 'GV');					
insert into GheNgoi values (391, 'J', 1, 4, 'GV');					
insert into GheNgoi values (392, 'J', 2, 4, 'GV');					
insert into GheNgoi values (393, 'J', 3, 4, 'GV');					
insert into GheNgoi values (394, 'J', 4, 4, 'GV');					
insert into GheNgoi values (395, 'J', 5, 4, 'GV');					
insert into GheNgoi values (396, 'J', 6, 4, 'GV');					
insert into GheNgoi values (397, 'J', 7, 4, 'GV');					
insert into GheNgoi values (398, 'J', 8, 4, 'GV');					
insert into GheNgoi values (399, 'J', 9, 4, 'GV');					
insert into GheNgoi values (400, 'J', 10, 4, 'GV');					
insert into GheNgoi values (401, 'A', 1, 5, 'GT');					
insert into GheNgoi values (402, 'A', 2, 5, 'GT');					
insert into GheNgoi values (403, 'A', 3, 5, 'GT');					
insert into GheNgoi values (404, 'A', 4, 5, 'GT');					
insert into GheNgoi values (405, 'A', 5, 5, 'GT');					
insert into GheNgoi values (406, 'A', 6, 5, 'GT');					
insert into GheNgoi values (407, 'A', 7, 5, 'GT');					
insert into GheNgoi values (408, 'A', 8, 5, 'GT');					
insert into GheNgoi values (409, 'A', 9, 5, 'GT');					
insert into GheNgoi values (410, 'A', 10, 5, 'GT');					
insert into GheNgoi values (411, 'B', 1, 5, 'GT');					
insert into GheNgoi values (412, 'B', 2, 5, 'GT');					
insert into GheNgoi values (413, 'B', 3, 5, 'GT');					
insert into GheNgoi values (414, 'B', 4, 5, 'GT');					
insert into GheNgoi values (415, 'B', 5, 5, 'GT');					
insert into GheNgoi values (416, 'B', 6, 5, 'GT');					
insert into GheNgoi values (417, 'B', 7, 5, 'GT');					
insert into GheNgoi values (418, 'B', 8, 5, 'GT');					
insert into GheNgoi values (419, 'B', 9, 5, 'GT');					
insert into GheNgoi values (420, 'B', 10, 5, 'GT');					
insert into GheNgoi values (421, 'C', 1, 5, 'GT');					
insert into GheNgoi values (422, 'C', 2, 5, 'GT');					
insert into GheNgoi values (423, 'C', 3, 5, 'GT');					
insert into GheNgoi values (424, 'C', 4, 5, 'GT');					
insert into GheNgoi values (425, 'C', 5, 5, 'GT');					
insert into GheNgoi values (426, 'C', 6, 5, 'GT');					
insert into GheNgoi values (427, 'C', 7, 5, 'GT');					
insert into GheNgoi values (428, 'C', 8, 5, 'GT');					
insert into GheNgoi values (429, 'C', 9, 5, 'GT');					
insert into GheNgoi values (430, 'C', 10, 5, 'GT');					
insert into GheNgoi values (431, 'D', 1, 5, 'GT');					
insert into GheNgoi values (432, 'D', 2, 5, 'GT');					
insert into GheNgoi values (433, 'D', 3, 5, 'GT');					
insert into GheNgoi values (434, 'D', 4, 5, 'GT');					
insert into GheNgoi values (435, 'D', 5, 5, 'GT');					
insert into GheNgoi values (436, 'D', 6, 5, 'GT');					
insert into GheNgoi values (437, 'D', 7, 5, 'GT');					
insert into GheNgoi values (438, 'D', 8, 5, 'GT');					
insert into GheNgoi values (439, 'D', 9, 5, 'GT');					
insert into GheNgoi values (440, 'D', 10, 5, 'GT');					
insert into GheNgoi values (441, 'E', 1, 5, 'GV');					
insert into GheNgoi values (442, 'E', 2, 5, 'GV');					
insert into GheNgoi values (443, 'E', 3, 5, 'GV');					
insert into GheNgoi values (444, 'E', 4, 5, 'GV');					
insert into GheNgoi values (445, 'E', 5, 5, 'GV');					
insert into GheNgoi values (446, 'E', 6, 5, 'GV');					
insert into GheNgoi values (447, 'E', 7, 5, 'GV');					
insert into GheNgoi values (448, 'E', 8, 5, 'GV');					
insert into GheNgoi values (449, 'E', 9, 5, 'GV');					
insert into GheNgoi values (450, 'E', 10, 5, 'GV');					
insert into GheNgoi values (451, 'F', 1, 5, 'GV');					
insert into GheNgoi values (452, 'F', 2, 5, 'GV');					
insert into GheNgoi values (453, 'F', 3, 5, 'GV');					
insert into GheNgoi values (454, 'F', 4, 5, 'GV');					
insert into GheNgoi values (455, 'F', 5, 5, 'GV');					
insert into GheNgoi values (456, 'F', 6, 5, 'GV');					
insert into GheNgoi values (457, 'F', 7, 5, 'GV');					
insert into GheNgoi values (458, 'F', 8, 5, 'GV');					
insert into GheNgoi values (459, 'F', 9, 5, 'GV');					
insert into GheNgoi values (460, 'F', 10, 5, 'GV');					
insert into GheNgoi values (461, 'G', 1, 5, 'GV');					
insert into GheNgoi values (462, 'G', 2, 5, 'GV');					
insert into GheNgoi values (463, 'G', 3, 5, 'GV');					
insert into GheNgoi values (464, 'G', 4, 5, 'GV');					
insert into GheNgoi values (465, 'G', 5, 5, 'GV');					
insert into GheNgoi values (466, 'G', 6, 5, 'GV');					
insert into GheNgoi values (467, 'G', 7, 5, 'GV');					
insert into GheNgoi values (468, 'G', 8, 5, 'GV');					
insert into GheNgoi values (469, 'G', 9, 5, 'GV');					
insert into GheNgoi values (470, 'G', 10, 5, 'GV');					
insert into GheNgoi values (471, 'H', 1, 5, 'GV');					
insert into GheNgoi values (472, 'H', 2, 5, 'GV');					
insert into GheNgoi values (473, 'H', 3, 5, 'GV');					
insert into GheNgoi values (474, 'H', 4, 5, 'GV');					
insert into GheNgoi values (475, 'H', 5, 5, 'GV');					
insert into GheNgoi values (476, 'H', 6, 5, 'GV');					
insert into GheNgoi values (477, 'H', 7, 5, 'GV');					
insert into GheNgoi values (478, 'H', 8, 5, 'GV');					
insert into GheNgoi values (479, 'H', 9, 5, 'GV');					
insert into GheNgoi values (480, 'H', 10, 5, 'GV');					
insert into GheNgoi values (481, 'I', 1, 5, 'GV');					
insert into GheNgoi values (482, 'I', 2, 5, 'GV');					
insert into GheNgoi values (483, 'I', 3, 5, 'GV');					
insert into GheNgoi values (484, 'I', 4, 5, 'GV');					
insert into GheNgoi values (485, 'I', 5, 5, 'GV');					
insert into GheNgoi values (486, 'I', 6, 5, 'GV');					
insert into GheNgoi values (487, 'I', 7, 5, 'GV');					
insert into GheNgoi values (488, 'I', 8, 5, 'GV');					
insert into GheNgoi values (489, 'I', 9, 5, 'GV');					
insert into GheNgoi values (490, 'I', 10, 5, 'GV');					
insert into GheNgoi values (491, 'J', 1, 5, 'GV');					
insert into GheNgoi values (492, 'J', 2, 5, 'GV');					
insert into GheNgoi values (493, 'J', 3, 5, 'GV');					
insert into GheNgoi values (494, 'J', 4, 5, 'GV');					
insert into GheNgoi values (495, 'J', 5, 5, 'GV');					
insert into GheNgoi values (496, 'J', 6, 5, 'GV');					
insert into GheNgoi values (497, 'J', 7, 5, 'GV');					
insert into GheNgoi values (498, 'J', 8, 5, 'GV');					
insert into GheNgoi values (499, 'J', 9, 5, 'GV');					
insert into GheNgoi values (500, 'J', 10, 5, 'GV');					

-- Table Phim
insert into Phim values (N'PH0001', N'PHIM CÚ ÚP RỔ ĐẦU TIÊN', 120, N'C13', '2023-04-14', N'Tiếng Nhật', N'Masaya Fukunishi, Yoshiaki Hasegawa, Katsuhisa Hoki, Tetsu Inada, Ryota Iwasaki, Shinichiro Kamio, Mitsuaki Kanuka, Jun Kasama, Subaru Kimura,..', N'Nhật Bản', N'Dandelion Animation Studio', N' ', N'Đang chiếu', N'Hài, Hoạt Hình');
insert into Phim values (N'PH0002', N'LẬT MẶT 6: TẤM VÉ ĐỊNH MỆNH', 120, N'C16', '2023-04-28', N'Tiếng Việt', N'Lý Hải, Quốc Cường, Trung Dũng, Huy Khánh, Thanh Thức, Trần Kim Hải, Huỳnh Thi, Diệp Bảo Ngọc, Tú Tri, Quỳnh Như, Tạ Lâm, bé Thùy Linh…', N'Việt Nam', N'Lý Hải', N' ', N'Đang chiếu', N'Hài, Hành Động, Hồi hộp, Tâm Lý');
insert into Phim values (N'PH0003', N'VÂY HÃM: KHÔNG LỐI THOÁT', 120, N'C18', '2023-06-02', N'Tiếng Hàn', N'Ma Dong Seok, Lee Joon Hyuk. Munetake Aoki, Lee Beom Soo', N'Hàn Quốc ', N'Hàn Quốc ', N' ', N'Đang chiếu', N'Hành Động, Tội phạm');
insert into Phim values (N'PH0004', N'VÚ EM DẠY YÊU', 120, N'C18', '2023-06-23', N'Tiếng Anh', N'Jennifer Lawrence, Natalie Morales, Ebon Moss-Bachrach', N'Mỹ', N'Columbia Pictures', N' ', N'Đang chiếu', N'Hài');
insert into Phim values (N'PH0005', N'TÀ CHÚ CẤM', 120, N'C18', '2023-06-24', N'Tiếng Thái', N'Nittha Jirayungyurn, Sukollawat Kanaros, Penpak Sirikul', N'Thái Lan', N'Thái Lan', N' ', N'Đang chiếu', N'Kinh dị, Tâm lý');
insert into Phim values (N'PH0006', N'NGƯỜI NHỆN: DU HÀNH VŨ TRỤ NHỆN', 120, N'K', '2023-06-01', N'Tiếng Anh', N'Shameik Moore', N'Mỹ', N'Columbia Pictures, Sony Pictures Animation, Marvel Entertainment', N' ', N'Đang chiếu', N'Hành Động, Khoa Học Viễn Tưởng, Phiêu Lưu');
insert into Phim values (N'PH0007', N'PHIM ĐIỆN ẢNH DORAEMON: NOBITA VÀ VÙNG ĐẤT LÝ TƯỞNG TRÊN BẦU TRỜI', 120, N'P', '2023-05-26', N'Tiếng Nhật', N'Đang cập nhật', N'Nhật Bản', N'Shin-Ei Animation', N' ', N'Đang chiếu', N'Hoạt Hình');
insert into Phim values (N'PH0008', N'TRANSFORMERS: QUÁI THÚ TRỖI DẬY', 120, N'C13', '2023-06-09', N'Tiếng Anh', N'Michelle Yeoh, Dominique Fishback, Ron Perlman', N'Mỹ', N'Skydance, Entertainment One, Di Bonaventura Pictures, New Republic Pictures, Bay Films', N' ', N'Đang chiếu', N'Hành Động, Khoa Học Viễn Tưởng, Phiêu Lưu');
insert into Phim values (N'PH0009', N'CÔ THÀNH TRONG GƯƠNG', 120, N'C13', '2023-06-30', N'Tiếng Nhật', N'Ami Touma, Takumi Kitamura, Ashida Mana, Minami Takayama, Itagaki Rihito, Naho Yokomizo, Kaji Yuki, Sakura Yoshiyanagi', N'Nhật Bản', N'A-1 Pictures', N' ', N'Đang chiếu', N'Hoạt Hình');
insert into Phim values (N'PH0010', N'FLASH', 120, N'C16', '2023-06-16', N'Tiếng Anh', N'Ben Affleck, Michael Shannon, Michael Keaton', N'Mỹ', N'DC Studios, Double Dream, The Disco Factory', N' ', N'Đang chiếu', N'Hành Động, Phiêu Lưu, Thần thoại');
insert into Phim values (N'PH0011', N'RUBY THỦY QUÁI TUỔI TEEN', 120, N'P', '2023-06-30', N'Tiếng Anh', N'Lana Condor, Knives Out, Toni Collete', N'Mỹ', N'Universal Pictures', N' ', N'Đang chiếu', N'Gia đình, Phiêu Lưu');
insert into Phim values (N'PH0012', N'LIVESTREAM', 120, N'C16', '2023-06-30', N'Tiếng Hàn', N'Park Sung Woong, Park Seon Ho, Kim Hee Jung', N'Hàn Quốc ', N'Hàn Quốc ', N' ', N'Đang chiếu', N'Hồi hộp');
insert into Phim values (N'PH0013', N'BỖNG DƯNG ĐƯỢC YÊU', 120, N'C16', '2023-07-07', N'Tiếng Anh', N'Yoon Shi-yoon, Seol In-ah, Noh Sang-hyun, Kim YoungWoong, Jihn Moon, GyuBok Lee, Lee SeoYoung, Heo EunJeong, Yang HyeJin, Kim ChanMi', N'Hàn Quốc ', N'Hàn Quốc ', N' ', N'Đang chiếu', N'Hài, Tình cảm');
insert into Phim values (N'PH0014', N'SIÊU CÚN VŨ TRỤ DU HÀNH TRÁI ĐẤT', 120, N'P', '2023-07-07', N'Tiếng Anh', N'Myron Donley, Riley Madison Fuller, Elijah Green', N'Mỹ', N'Mỹ', N' ', N'Đang chiếu', N'Gia đình, Phiêu Lưu');
insert into Phim values (N'PH0015', N'SID TOANG RỒI', 120, N'C18', '2023-07-14', N'Tiếng Anh', N'Carla Gallo,Mary Stuart Masterson, Tyler Alvarez', N'Mỹ', N'Mỹ', N' ', N'Đang chiếu', N'Hài, Tâm Lý');
insert into Phim values (N'PH0016', N'INDIANA JONES & VÒNG QUAY ĐỊNH MỆNH', 120, N'C16', '2023-06-29', N'Tiếng Anh', N'Boyd Holbrook, Thomas Kretschmann, Mads Mikkelsen, Harrison Ford, Phoebe Waller-Bridge, Shaunette Renée Wilson', N'Mỹ', N'Walt Disney Studios Motion Pictures', N' ', N'Đang chiếu', N'Hành Động, Phiêu Lưu');
insert into Phim values (N'PH0017', N'RESIDENT EVIL: ĐẢO TỬ THẦN', 120, N'C18', '2023-07-07', N'Tiếng Anh', N'Erin Cahill, Kevin Dorman,.', N'Nhật Bản', N'TMS Entertainment', N' ', N'Đang chiếu', N'Hành Động');
insert into Phim values (N'PH0018', N'QUÝ CÔNG TỬ', 120, N'C18', '2023-06-23', N'Tiếng Hàn', N'Kim Seon-Ho, Kang Tae-Ju, Go Ara, Kang-woo Kim', N'Hàn Quốc ', N'Sageumwol Film', N' ', N'Đang chiếu', N'Hành Động');
insert into Phim values (N'PH0019', N'TAY ĐUA KIỆT XUẤT', 120, N'K', '2023-07-14', N'Tiếng Anh', N'Sharon Horgan, Chloe Bennet, J.K. Simmons, Jimmy O. Yang,…', N'Mỹ', N'Đang cập nhật', N' ', N'Đang chiếu', N'Hoạt Hình');
insert into Phim values (N'PH0020', N'XỨ SỞ CÁC NGUYÊN TỐ', 120, N'K', '2023-06-23', N'Tiếng Anh', N'Leah Lewis, Mamoudou Athie', N'Mỹ', N'Walt Disney Studios Motion Pictures', N' ', N'Đang chiếu', N'Gia đình, Hài, Hoạt Hình');
insert into Phim values (N'PH0021', N'NHIỆM VỤ BẤT KHẢ THI: NGHIỆP BÁO PHẦN MỘT', 120, N'C16', '2023-07-08', N'Tiếng Anh', N'Tom Cruise, Rebecca Ferguson, Vanessa Kirby', N'Mỹ', N'Paramount Pictures', N' ', N'Đang chiếu', N'Hành Động, Phiêu Lưu');

-- Table SuatChieu
insert into SuatChieu values (N'SC00001', '08:15:00', '10:15:00', '2023-07-01', N'PH0001', 1, N'2D');
insert into SuatChieu values (N'SC00002', '10:30:00', '12:30:00', '2023-07-01', N'PH0001', 1, N'3D');
insert into SuatChieu values (N'SC00003', '12:45:00', '14:45:00', '2023-07-01', N'PH0001', 1, N'IMAX');
insert into SuatChieu values (N'SC00004', '15:00:00', '17:00:00', '2023-07-01', N'PH0001', 1, N'2D');
insert into SuatChieu values (N'SC00005', '17:15:00', '19:15:00', '2023-07-01', N'PH0001', 1, N'3D');
insert into SuatChieu values (N'SC00006', '19:30:00', '21:30:00', '2023-07-01', N'PH0001', 1, N'4DX');
insert into SuatChieu values (N'SC00007', '21:45:00', '23:45:00', '2023-07-01', N'PH0001', 1, N'2D');
insert into SuatChieu values (N'SC00008', '08:15:00', '10:15:00', '2023-07-01', N'PH0002', 2, N'2D');
insert into SuatChieu values (N'SC00009', '10:30:00', '12:30:00', '2023-07-01', N'PH0002', 2, N'3D');
insert into SuatChieu values (N'SC00010', '12:45:00', '14:45:00', '2023-07-01', N'PH0002', 2, N'IMAX');
insert into SuatChieu values (N'SC00011', '15:00:00', '17:00:00', '2023-07-01', N'PH0002', 2, N'2D');
insert into SuatChieu values (N'SC00012', '17:15:00', '19:15:00', '2023-07-01', N'PH0002', 2, N'3D');
insert into SuatChieu values (N'SC00013', '19:30:00', '21:30:00', '2023-07-01', N'PH0002', 2, N'4DX');
insert into SuatChieu values (N'SC00014', '21:45:00', '23:45:00', '2023-07-01', N'PH0002', 2, N'2D');
insert into SuatChieu values (N'SC00015', '08:15:00', '10:15:00', '2023-07-01', N'PH0003', 3, N'2D');
insert into SuatChieu values (N'SC00016', '10:30:00', '12:30:00', '2023-07-01', N'PH0003', 3, N'3D');
insert into SuatChieu values (N'SC00017', '12:45:00', '14:45:00', '2023-07-01', N'PH0003', 3, N'IMAX');
insert into SuatChieu values (N'SC00018', '15:00:00', '17:00:00', '2023-07-01', N'PH0003', 3, N'2D');
insert into SuatChieu values (N'SC00019', '17:15:00', '19:15:00', '2023-07-01', N'PH0003', 3, N'3D');
insert into SuatChieu values (N'SC00020', '19:30:00', '21:30:00', '2023-07-01', N'PH0003', 3, N'4DX');
insert into SuatChieu values (N'SC00021', '21:45:00', '23:45:00', '2023-07-01', N'PH0003', 3, N'2D');
insert into SuatChieu values (N'SC00022', '08:15:00', '10:15:00', '2023-07-01', N'PH0004', 4, N'2D');
insert into SuatChieu values (N'SC00023', '10:30:00', '12:30:00', '2023-07-01', N'PH0004', 4, N'3D');
insert into SuatChieu values (N'SC00024', '12:45:00', '14:45:00', '2023-07-01', N'PH0004', 4, N'IMAX');
insert into SuatChieu values (N'SC00025', '15:00:00', '17:00:00', '2023-07-01', N'PH0004', 4, N'2D');
insert into SuatChieu values (N'SC00026', '17:15:00', '19:15:00', '2023-07-01', N'PH0004', 4, N'3D');
insert into SuatChieu values (N'SC00027', '19:30:00', '21:30:00', '2023-07-01', N'PH0004', 4, N'4DX');
insert into SuatChieu values (N'SC00028', '21:45:00', '23:45:00', '2023-07-01', N'PH0004', 4, N'2D');
insert into SuatChieu values (N'SC00029', '08:15:00', '10:15:00', '2023-07-01', N'PH0005', 5, N'2D');
insert into SuatChieu values (N'SC00030', '10:30:00', '12:30:00', '2023-07-01', N'PH0005', 5, N'3D');
insert into SuatChieu values (N'SC00031', '12:45:00', '14:45:00', '2023-07-01', N'PH0005', 5, N'IMAX');
insert into SuatChieu values (N'SC00032', '15:00:00', '17:00:00', '2023-07-01', N'PH0005', 5, N'2D');
insert into SuatChieu values (N'SC00033', '17:15:00', '19:15:00', '2023-07-01', N'PH0005', 5, N'3D');
insert into SuatChieu values (N'SC00034', '19:30:00', '21:30:00', '2023-07-01', N'PH0005', 5, N'4DX');
insert into SuatChieu values (N'SC00035', '21:45:00', '23:45:00', '2023-07-01', N'PH0005', 5, N'2D');
insert into SuatChieu values (N'SC00036', '08:15:00', '10:15:00', '2023-07-02', N'PH0001', 1, N'2D');
insert into SuatChieu values (N'SC00037', '10:30:00', '12:30:00', '2023-07-02', N'PH0001', 1, N'3D');
insert into SuatChieu values (N'SC00038', '12:45:00', '14:45:00', '2023-07-02', N'PH0001', 1, N'IMAX');
insert into SuatChieu values (N'SC00039', '15:00:00', '17:00:00', '2023-07-02', N'PH0001', 1, N'2D');
insert into SuatChieu values (N'SC00040', '17:15:00', '19:15:00', '2023-07-02', N'PH0001', 1, N'3D');
insert into SuatChieu values (N'SC00041', '19:30:00', '21:30:00', '2023-07-02', N'PH0001', 1, N'4DX');
insert into SuatChieu values (N'SC00042', '21:45:00', '23:45:00', '2023-07-02', N'PH0001', 1, N'2D');
insert into SuatChieu values (N'SC00043', '08:15:00', '10:15:00', '2023-07-02', N'PH0002', 2, N'2D');
insert into SuatChieu values (N'SC00044', '10:30:00', '12:30:00', '2023-07-02', N'PH0002', 2, N'3D');
insert into SuatChieu values (N'SC00045', '12:45:00', '14:45:00', '2023-07-02', N'PH0002', 2, N'IMAX');
insert into SuatChieu values (N'SC00046', '15:00:00', '17:00:00', '2023-07-02', N'PH0002', 2, N'2D');
insert into SuatChieu values (N'SC00047', '17:15:00', '19:15:00', '2023-07-02', N'PH0002', 2, N'3D');
insert into SuatChieu values (N'SC00048', '19:30:00', '21:30:00', '2023-07-02', N'PH0002', 2, N'4DX');
insert into SuatChieu values (N'SC00049', '21:45:00', '23:45:00', '2023-07-02', N'PH0002', 2, N'2D');
insert into SuatChieu values (N'SC00050', '08:15:00', '10:15:00', '2023-07-02', N'PH0003', 3, N'2D');
insert into SuatChieu values (N'SC00051', '10:30:00', '12:30:00', '2023-07-02', N'PH0003', 3, N'3D');
insert into SuatChieu values (N'SC00052', '12:45:00', '14:45:00', '2023-07-02', N'PH0003', 3, N'IMAX');
insert into SuatChieu values (N'SC00053', '15:00:00', '17:00:00', '2023-07-02', N'PH0003', 3, N'2D');
insert into SuatChieu values (N'SC00054', '17:15:00', '19:15:00', '2023-07-02', N'PH0003', 3, N'3D');
insert into SuatChieu values (N'SC00055', '19:30:00', '21:30:00', '2023-07-02', N'PH0003', 3, N'4DX');
insert into SuatChieu values (N'SC00056', '21:45:00', '23:45:00', '2023-07-02', N'PH0003', 3, N'2D');
insert into SuatChieu values (N'SC00057', '08:15:00', '10:15:00', '2023-07-02', N'PH0004', 4, N'2D');
insert into SuatChieu values (N'SC00058', '10:30:00', '12:30:00', '2023-07-02', N'PH0004', 4, N'3D');
insert into SuatChieu values (N'SC00059', '12:45:00', '14:45:00', '2023-07-02', N'PH0004', 4, N'IMAX');
insert into SuatChieu values (N'SC00060', '15:00:00', '17:00:00', '2023-07-02', N'PH0004', 4, N'2D');
insert into SuatChieu values (N'SC00061', '17:15:00', '19:15:00', '2023-07-02', N'PH0004', 4, N'3D');
insert into SuatChieu values (N'SC00062', '19:30:00', '21:30:00', '2023-07-02', N'PH0004', 4, N'4DX');
insert into SuatChieu values (N'SC00063', '21:45:00', '23:45:00', '2023-07-02', N'PH0004', 4, N'2D');
insert into SuatChieu values (N'SC00064', '08:15:00', '10:15:00', '2023-07-02', N'PH0005', 5, N'2D');
insert into SuatChieu values (N'SC00065', '10:30:00', '12:30:00', '2023-07-02', N'PH0005', 5, N'3D');
insert into SuatChieu values (N'SC00066', '12:45:00', '14:45:00', '2023-07-02', N'PH0005', 5, N'IMAX');
insert into SuatChieu values (N'SC00067', '15:00:00', '17:00:00', '2023-07-02', N'PH0005', 5, N'2D');
insert into SuatChieu values (N'SC00068', '17:15:00', '19:15:00', '2023-07-02', N'PH0005', 5, N'3D');
insert into SuatChieu values (N'SC00069', '19:30:00', '21:30:00', '2023-07-02', N'PH0005', 5, N'4DX');
insert into SuatChieu values (N'SC00070', '21:45:00', '23:45:00', '2023-07-02', N'PH0005', 5, N'2D');
insert into SuatChieu values (N'SC00071', '08:15:00', '10:15:00', '2023-07-03', N'PH0001', 1, N'2D');
insert into SuatChieu values (N'SC00072', '10:30:00', '12:30:00', '2023-07-03', N'PH0001', 1, N'3D');
insert into SuatChieu values (N'SC00073', '12:45:00', '14:45:00', '2023-07-03', N'PH0001', 1, N'IMAX');
insert into SuatChieu values (N'SC00074', '15:00:00', '17:00:00', '2023-07-03', N'PH0001', 1, N'2D');
insert into SuatChieu values (N'SC00075', '17:15:00', '19:15:00', '2023-07-03', N'PH0001', 1, N'3D');
insert into SuatChieu values (N'SC00076', '19:30:00', '21:30:00', '2023-07-03', N'PH0001', 1, N'4DX');
insert into SuatChieu values (N'SC00077', '21:45:00', '23:45:00', '2023-07-03', N'PH0001', 1, N'2D');
insert into SuatChieu values (N'SC00078', '08:15:00', '10:15:00', '2023-07-03', N'PH0002', 2, N'2D');
insert into SuatChieu values (N'SC00079', '10:30:00', '12:30:00', '2023-07-03', N'PH0002', 2, N'3D');
insert into SuatChieu values (N'SC00080', '12:45:00', '14:45:00', '2023-07-03', N'PH0002', 2, N'IMAX');
insert into SuatChieu values (N'SC00081', '15:00:00', '17:00:00', '2023-07-03', N'PH0002', 2, N'2D');
insert into SuatChieu values (N'SC00082', '17:15:00', '19:15:00', '2023-07-03', N'PH0002', 2, N'3D');
insert into SuatChieu values (N'SC00083', '19:30:00', '21:30:00', '2023-07-03', N'PH0002', 2, N'4DX');
insert into SuatChieu values (N'SC00084', '21:45:00', '23:45:00', '2023-07-03', N'PH0002', 2, N'2D');
insert into SuatChieu values (N'SC00085', '08:15:00', '10:15:00', '2023-07-03', N'PH0003', 3, N'2D');
insert into SuatChieu values (N'SC00086', '10:30:00', '12:30:00', '2023-07-03', N'PH0003', 3, N'3D');
insert into SuatChieu values (N'SC00087', '12:45:00', '14:45:00', '2023-07-03', N'PH0003', 3, N'IMAX');
insert into SuatChieu values (N'SC00088', '15:00:00', '17:00:00', '2023-07-03', N'PH0003', 3, N'2D');
insert into SuatChieu values (N'SC00089', '17:15:00', '19:15:00', '2023-07-03', N'PH0003', 3, N'3D');
insert into SuatChieu values (N'SC00090', '19:30:00', '21:30:00', '2023-07-03', N'PH0003', 3, N'4DX');
insert into SuatChieu values (N'SC00091', '21:45:00', '23:45:00', '2023-07-03', N'PH0003', 3, N'2D');
insert into SuatChieu values (N'SC00092', '08:15:00', '10:15:00', '2023-07-03', N'PH0004', 4, N'2D');
insert into SuatChieu values (N'SC00093', '10:30:00', '12:30:00', '2023-07-03', N'PH0004', 4, N'3D');
insert into SuatChieu values (N'SC00094', '12:45:00', '14:45:00', '2023-07-03', N'PH0004', 4, N'IMAX');
insert into SuatChieu values (N'SC00095', '15:00:00', '17:00:00', '2023-07-03', N'PH0004', 4, N'2D');
insert into SuatChieu values (N'SC00096', '17:15:00', '19:15:00', '2023-07-03', N'PH0004', 4, N'3D');
insert into SuatChieu values (N'SC00097', '19:30:00', '21:30:00', '2023-07-03', N'PH0004', 4, N'4DX');
insert into SuatChieu values (N'SC00098', '21:45:00', '23:45:00', '2023-07-03', N'PH0004', 4, N'2D');
insert into SuatChieu values (N'SC00099', '08:15:00', '10:15:00', '2023-07-03', N'PH0005', 5, N'2D');
insert into SuatChieu values (N'SC00100', '10:30:00', '12:30:00', '2023-07-03', N'PH0005', 5, N'3D');
insert into SuatChieu values (N'SC00101', '12:45:00', '14:45:00', '2023-07-03', N'PH0005', 5, N'IMAX');
insert into SuatChieu values (N'SC00102', '15:00:00', '17:00:00', '2023-07-03', N'PH0005', 5, N'2D');
insert into SuatChieu values (N'SC00103', '17:15:00', '19:15:00', '2023-07-03', N'PH0005', 5, N'3D');
insert into SuatChieu values (N'SC00104', '19:30:00', '21:30:00', '2023-07-03', N'PH0005', 5, N'4DX');
insert into SuatChieu values (N'SC00105', '21:45:00', '23:45:00', '2023-07-03', N'PH0005', 5, N'2D');
insert into SuatChieu values (N'SC00106', '08:15:00', '10:15:00', '2023-07-04', N'PH0001', 1, N'2D');
insert into SuatChieu values (N'SC00107', '10:30:00', '12:30:00', '2023-07-04', N'PH0001', 1, N'3D');
insert into SuatChieu values (N'SC00108', '12:45:00', '14:45:00', '2023-07-04', N'PH0001', 1, N'IMAX');
insert into SuatChieu values (N'SC00109', '15:00:00', '17:00:00', '2023-07-04', N'PH0001', 1, N'2D');
insert into SuatChieu values (N'SC00110', '17:15:00', '19:15:00', '2023-07-04', N'PH0001', 1, N'3D');
insert into SuatChieu values (N'SC00111', '19:30:00', '21:30:00', '2023-07-04', N'PH0001', 1, N'4DX');
insert into SuatChieu values (N'SC00112', '21:45:00', '23:45:00', '2023-07-04', N'PH0001', 1, N'2D');
insert into SuatChieu values (N'SC00113', '08:15:00', '10:15:00', '2023-07-04', N'PH0002', 2, N'2D');
insert into SuatChieu values (N'SC00114', '10:30:00', '12:30:00', '2023-07-04', N'PH0002', 2, N'3D');
insert into SuatChieu values (N'SC00115', '12:45:00', '14:45:00', '2023-07-04', N'PH0002', 2, N'IMAX');
insert into SuatChieu values (N'SC00116', '15:00:00', '17:00:00', '2023-07-04', N'PH0002', 2, N'2D');
insert into SuatChieu values (N'SC00117', '17:15:00', '19:15:00', '2023-07-04', N'PH0002', 2, N'3D');
insert into SuatChieu values (N'SC00118', '19:30:00', '21:30:00', '2023-07-04', N'PH0002', 2, N'4DX');
insert into SuatChieu values (N'SC00119', '21:45:00', '23:45:00', '2023-07-04', N'PH0002', 2, N'2D');
insert into SuatChieu values (N'SC00120', '08:15:00', '10:15:00', '2023-07-04', N'PH0003', 3, N'2D');
insert into SuatChieu values (N'SC00121', '10:30:00', '12:30:00', '2023-07-04', N'PH0003', 3, N'3D');
insert into SuatChieu values (N'SC00122', '12:45:00', '14:45:00', '2023-07-04', N'PH0003', 3, N'IMAX');
insert into SuatChieu values (N'SC00123', '15:00:00', '17:00:00', '2023-07-04', N'PH0003', 3, N'2D');
insert into SuatChieu values (N'SC00124', '17:15:00', '19:15:00', '2023-07-04', N'PH0003', 3, N'3D');
insert into SuatChieu values (N'SC00125', '19:30:00', '21:30:00', '2023-07-04', N'PH0003', 3, N'4DX');
insert into SuatChieu values (N'SC00126', '21:45:00', '23:45:00', '2023-07-04', N'PH0003', 3, N'2D');
insert into SuatChieu values (N'SC00127', '08:15:00', '10:15:00', '2023-07-04', N'PH0004', 4, N'2D');
insert into SuatChieu values (N'SC00128', '10:30:00', '12:30:00', '2023-07-04', N'PH0004', 4, N'3D');
insert into SuatChieu values (N'SC00129', '12:45:00', '14:45:00', '2023-07-04', N'PH0004', 4, N'IMAX');
insert into SuatChieu values (N'SC00130', '15:00:00', '17:00:00', '2023-07-04', N'PH0004', 4, N'2D');
insert into SuatChieu values (N'SC00131', '17:15:00', '19:15:00', '2023-07-04', N'PH0004', 4, N'3D');
insert into SuatChieu values (N'SC00132', '19:30:00', '21:30:00', '2023-07-04', N'PH0004', 4, N'4DX');
insert into SuatChieu values (N'SC00133', '21:45:00', '23:45:00', '2023-07-04', N'PH0004', 4, N'2D');
insert into SuatChieu values (N'SC00134', '08:15:00', '10:15:00', '2023-07-04', N'PH0005', 5, N'2D');
insert into SuatChieu values (N'SC00135', '10:30:00', '12:30:00', '2023-07-04', N'PH0005', 5, N'3D');
insert into SuatChieu values (N'SC00136', '12:45:00', '14:45:00', '2023-07-04', N'PH0005', 5, N'IMAX');
insert into SuatChieu values (N'SC00137', '15:00:00', '17:00:00', '2023-07-04', N'PH0005', 5, N'2D');
insert into SuatChieu values (N'SC00138', '17:15:00', '19:15:00', '2023-07-04', N'PH0005', 5, N'3D');
insert into SuatChieu values (N'SC00139', '19:30:00', '21:30:00', '2023-07-04', N'PH0005', 5, N'4DX');
insert into SuatChieu values (N'SC00140', '21:45:00', '23:45:00', '2023-07-04', N'PH0005', 5, N'2D');
insert into SuatChieu values (N'SC00141', '08:15:00', '10:15:00', '2023-07-05', N'PH0001', 1, N'2D');
insert into SuatChieu values (N'SC00142', '10:30:00', '12:30:00', '2023-07-05', N'PH0001', 1, N'3D');
insert into SuatChieu values (N'SC00143', '12:45:00', '14:45:00', '2023-07-05', N'PH0001', 1, N'IMAX');
insert into SuatChieu values (N'SC00144', '15:00:00', '17:00:00', '2023-07-05', N'PH0001', 1, N'2D');
insert into SuatChieu values (N'SC00145', '17:15:00', '19:15:00', '2023-07-05', N'PH0001', 1, N'3D');
insert into SuatChieu values (N'SC00146', '19:30:00', '21:30:00', '2023-07-05', N'PH0001', 1, N'4DX');
insert into SuatChieu values (N'SC00147', '21:45:00', '23:45:00', '2023-07-05', N'PH0001', 1, N'2D');
insert into SuatChieu values (N'SC00148', '08:15:00', '10:15:00', '2023-07-05', N'PH0002', 2, N'2D');
insert into SuatChieu values (N'SC00149', '10:30:00', '12:30:00', '2023-07-05', N'PH0002', 2, N'3D');
insert into SuatChieu values (N'SC00150', '12:45:00', '14:45:00', '2023-07-05', N'PH0002', 2, N'IMAX');
insert into SuatChieu values (N'SC00151', '15:00:00', '17:00:00', '2023-07-05', N'PH0002', 2, N'2D');
insert into SuatChieu values (N'SC00152', '17:15:00', '19:15:00', '2023-07-05', N'PH0002', 2, N'3D');
insert into SuatChieu values (N'SC00153', '19:30:00', '21:30:00', '2023-07-05', N'PH0002', 2, N'4DX');
insert into SuatChieu values (N'SC00154', '21:45:00', '23:45:00', '2023-07-05', N'PH0002', 2, N'2D');
insert into SuatChieu values (N'SC00155', '08:15:00', '10:15:00', '2023-07-05', N'PH0003', 3, N'2D');
insert into SuatChieu values (N'SC00156', '10:30:00', '12:30:00', '2023-07-05', N'PH0003', 3, N'3D');
insert into SuatChieu values (N'SC00157', '12:45:00', '14:45:00', '2023-07-05', N'PH0003', 3, N'IMAX');
insert into SuatChieu values (N'SC00158', '15:00:00', '17:00:00', '2023-07-05', N'PH0003', 3, N'2D');
insert into SuatChieu values (N'SC00159', '17:15:00', '19:15:00', '2023-07-05', N'PH0003', 3, N'3D');
insert into SuatChieu values (N'SC00160', '19:30:00', '21:30:00', '2023-07-05', N'PH0003', 3, N'4DX');
insert into SuatChieu values (N'SC00161', '21:45:00', '23:45:00', '2023-07-05', N'PH0003', 3, N'2D');
insert into SuatChieu values (N'SC00162', '08:15:00', '10:15:00', '2023-07-05', N'PH0004', 4, N'2D');
insert into SuatChieu values (N'SC00163', '10:30:00', '12:30:00', '2023-07-05', N'PH0004', 4, N'3D');
insert into SuatChieu values (N'SC00164', '12:45:00', '14:45:00', '2023-07-05', N'PH0004', 4, N'IMAX');
insert into SuatChieu values (N'SC00165', '15:00:00', '17:00:00', '2023-07-05', N'PH0004', 4, N'2D');
insert into SuatChieu values (N'SC00166', '17:15:00', '19:15:00', '2023-07-05', N'PH0004', 4, N'3D');
insert into SuatChieu values (N'SC00167', '19:30:00', '21:30:00', '2023-07-05', N'PH0004', 4, N'4DX');
insert into SuatChieu values (N'SC00168', '21:45:00', '23:45:00', '2023-07-05', N'PH0004', 4, N'2D');
insert into SuatChieu values (N'SC00169', '08:15:00', '10:15:00', '2023-07-05', N'PH0005', 5, N'2D');
insert into SuatChieu values (N'SC00170', '10:30:00', '12:30:00', '2023-07-05', N'PH0005', 5, N'3D');
insert into SuatChieu values (N'SC00171', '12:45:00', '14:45:00', '2023-07-05', N'PH0005', 5, N'IMAX');
insert into SuatChieu values (N'SC00172', '15:00:00', '17:00:00', '2023-07-05', N'PH0005', 5, N'2D');
insert into SuatChieu values (N'SC00173', '17:15:00', '19:15:00', '2023-07-05', N'PH0005', 5, N'3D');
insert into SuatChieu values (N'SC00174', '19:30:00', '21:30:00', '2023-07-05', N'PH0005', 5, N'4DX');
insert into SuatChieu values (N'SC00175', '21:45:00', '23:45:00', '2023-07-05', N'PH0005', 5, N'2D');
insert into SuatChieu values (N'SC00176', '08:15:00', '10:15:00', '2023-07-06', N'PH0001', 1, N'2D');
insert into SuatChieu values (N'SC00177', '10:30:00', '12:30:00', '2023-07-06', N'PH0001', 1, N'3D');
insert into SuatChieu values (N'SC00178', '12:45:00', '14:45:00', '2023-07-06', N'PH0001', 1, N'IMAX');
insert into SuatChieu values (N'SC00179', '15:00:00', '17:00:00', '2023-07-06', N'PH0001', 1, N'2D');
insert into SuatChieu values (N'SC00180', '17:15:00', '19:15:00', '2023-07-06', N'PH0001', 1, N'3D');
insert into SuatChieu values (N'SC00181', '19:30:00', '21:30:00', '2023-07-06', N'PH0001', 1, N'4DX');
insert into SuatChieu values (N'SC00182', '21:45:00', '23:45:00', '2023-07-06', N'PH0001', 1, N'2D');
insert into SuatChieu values (N'SC00183', '08:15:00', '10:15:00', '2023-07-06', N'PH0002', 2, N'2D');
insert into SuatChieu values (N'SC00184', '10:30:00', '12:30:00', '2023-07-06', N'PH0002', 2, N'3D');
insert into SuatChieu values (N'SC00185', '12:45:00', '14:45:00', '2023-07-06', N'PH0002', 2, N'IMAX');
insert into SuatChieu values (N'SC00186', '15:00:00', '17:00:00', '2023-07-06', N'PH0002', 2, N'2D');
insert into SuatChieu values (N'SC00187', '17:15:00', '19:15:00', '2023-07-06', N'PH0002', 2, N'3D');
insert into SuatChieu values (N'SC00188', '19:30:00', '21:30:00', '2023-07-06', N'PH0002', 2, N'4DX');
insert into SuatChieu values (N'SC00189', '21:45:00', '23:45:00', '2023-07-06', N'PH0002', 2, N'2D');
insert into SuatChieu values (N'SC00190', '08:15:00', '10:15:00', '2023-07-06', N'PH0003', 3, N'2D');
insert into SuatChieu values (N'SC00191', '10:30:00', '12:30:00', '2023-07-06', N'PH0003', 3, N'3D');
insert into SuatChieu values (N'SC00192', '12:45:00', '14:45:00', '2023-07-06', N'PH0003', 3, N'IMAX');
insert into SuatChieu values (N'SC00193', '15:00:00', '17:00:00', '2023-07-06', N'PH0003', 3, N'2D');
insert into SuatChieu values (N'SC00194', '17:15:00', '19:15:00', '2023-07-06', N'PH0003', 3, N'3D');
insert into SuatChieu values (N'SC00195', '19:30:00', '21:30:00', '2023-07-06', N'PH0003', 3, N'4DX');
insert into SuatChieu values (N'SC00196', '21:45:00', '23:45:00', '2023-07-06', N'PH0003', 3, N'2D');
insert into SuatChieu values (N'SC00197', '08:15:00', '10:15:00', '2023-07-06', N'PH0004', 4, N'2D');
insert into SuatChieu values (N'SC00198', '10:30:00', '12:30:00', '2023-07-06', N'PH0004', 4, N'3D');
insert into SuatChieu values (N'SC00199', '12:45:00', '14:45:00', '2023-07-06', N'PH0004', 4, N'IMAX');
insert into SuatChieu values (N'SC00200', '15:00:00', '17:00:00', '2023-07-06', N'PH0004', 4, N'2D');
insert into SuatChieu values (N'SC00201', '17:15:00', '19:15:00', '2023-07-06', N'PH0004', 4, N'3D');
insert into SuatChieu values (N'SC00202', '19:30:00', '21:30:00', '2023-07-06', N'PH0004', 4, N'4DX');
insert into SuatChieu values (N'SC00203', '21:45:00', '23:45:00', '2023-07-06', N'PH0004', 4, N'2D');
insert into SuatChieu values (N'SC00204', '08:15:00', '10:15:00', '2023-07-06', N'PH0005', 5, N'2D');
insert into SuatChieu values (N'SC00205', '10:30:00', '12:30:00', '2023-07-06', N'PH0005', 5, N'3D');
insert into SuatChieu values (N'SC00206', '12:45:00', '14:45:00', '2023-07-06', N'PH0005', 5, N'IMAX');
insert into SuatChieu values (N'SC00207', '15:00:00', '17:00:00', '2023-07-06', N'PH0005', 5, N'2D');
insert into SuatChieu values (N'SC00208', '17:15:00', '19:15:00', '2023-07-06', N'PH0005', 5, N'3D');
insert into SuatChieu values (N'SC00209', '19:30:00', '21:30:00', '2023-07-06', N'PH0005', 5, N'4DX');
insert into SuatChieu values (N'SC00210', '21:45:00', '23:45:00', '2023-07-06', N'PH0005', 5, N'2D');
insert into SuatChieu values (N'SC00211', '08:15:00', '10:15:00', '2023-07-07', N'PH0001', 1, N'2D');
insert into SuatChieu values (N'SC00212', '10:30:00', '12:30:00', '2023-07-07', N'PH0001', 1, N'3D');
insert into SuatChieu values (N'SC00213', '12:45:00', '14:45:00', '2023-07-07', N'PH0001', 1, N'IMAX');
insert into SuatChieu values (N'SC00214', '15:00:00', '17:00:00', '2023-07-07', N'PH0001', 1, N'2D');
insert into SuatChieu values (N'SC00215', '17:15:00', '19:15:00', '2023-07-07', N'PH0001', 1, N'3D');
insert into SuatChieu values (N'SC00216', '19:30:00', '21:30:00', '2023-07-07', N'PH0001', 1, N'4DX');
insert into SuatChieu values (N'SC00217', '21:45:00', '23:45:00', '2023-07-07', N'PH0001', 1, N'2D');
insert into SuatChieu values (N'SC00218', '08:15:00', '10:15:00', '2023-07-07', N'PH0002', 2, N'2D');
insert into SuatChieu values (N'SC00219', '10:30:00', '12:30:00', '2023-07-07', N'PH0002', 2, N'3D');
insert into SuatChieu values (N'SC00220', '12:45:00', '14:45:00', '2023-07-07', N'PH0002', 2, N'IMAX');
insert into SuatChieu values (N'SC00221', '15:00:00', '17:00:00', '2023-07-07', N'PH0002', 2, N'2D');
insert into SuatChieu values (N'SC00222', '17:15:00', '19:15:00', '2023-07-07', N'PH0002', 2, N'3D');
insert into SuatChieu values (N'SC00223', '19:30:00', '21:30:00', '2023-07-07', N'PH0002', 2, N'4DX');
insert into SuatChieu values (N'SC00224', '21:45:00', '23:45:00', '2023-07-07', N'PH0002', 2, N'2D');
insert into SuatChieu values (N'SC00225', '08:15:00', '10:15:00', '2023-07-07', N'PH0003', 3, N'2D');
insert into SuatChieu values (N'SC00226', '10:30:00', '12:30:00', '2023-07-07', N'PH0003', 3, N'3D');
insert into SuatChieu values (N'SC00227', '12:45:00', '14:45:00', '2023-07-07', N'PH0003', 3, N'IMAX');
insert into SuatChieu values (N'SC00228', '15:00:00', '17:00:00', '2023-07-07', N'PH0003', 3, N'2D');
insert into SuatChieu values (N'SC00229', '17:15:00', '19:15:00', '2023-07-07', N'PH0003', 3, N'3D');
insert into SuatChieu values (N'SC00230', '19:30:00', '21:30:00', '2023-07-07', N'PH0003', 3, N'4DX');
insert into SuatChieu values (N'SC00231', '21:45:00', '23:45:00', '2023-07-07', N'PH0003', 3, N'2D');
insert into SuatChieu values (N'SC00232', '08:15:00', '10:15:00', '2023-07-07', N'PH0004', 4, N'2D');
insert into SuatChieu values (N'SC00233', '10:30:00', '12:30:00', '2023-07-07', N'PH0004', 4, N'3D');
insert into SuatChieu values (N'SC00234', '12:45:00', '14:45:00', '2023-07-07', N'PH0004', 4, N'IMAX');
insert into SuatChieu values (N'SC00235', '15:00:00', '17:00:00', '2023-07-07', N'PH0004', 4, N'2D');
insert into SuatChieu values (N'SC00236', '17:15:00', '19:15:00', '2023-07-07', N'PH0004', 4, N'3D');
insert into SuatChieu values (N'SC00237', '19:30:00', '21:30:00', '2023-07-07', N'PH0004', 4, N'4DX');
insert into SuatChieu values (N'SC00238', '21:45:00', '23:45:00', '2023-07-07', N'PH0004', 4, N'2D');
insert into SuatChieu values (N'SC00239', '08:15:00', '10:15:00', '2023-07-07', N'PH0005', 5, N'2D');
insert into SuatChieu values (N'SC00240', '10:30:00', '12:30:00', '2023-07-07', N'PH0005', 5, N'3D');
insert into SuatChieu values (N'SC00241', '12:45:00', '14:45:00', '2023-07-07', N'PH0005', 5, N'IMAX');
insert into SuatChieu values (N'SC00242', '15:00:00', '17:00:00', '2023-07-07', N'PH0005', 5, N'2D');
insert into SuatChieu values (N'SC00243', '17:15:00', '19:15:00', '2023-07-07', N'PH0005', 5, N'3D');
insert into SuatChieu values (N'SC00244', '19:30:00', '21:30:00', '2023-07-07', N'PH0005', 5, N'4DX');
insert into SuatChieu values (N'SC00245', '21:45:00', '23:45:00', '2023-07-07', N'PH0005', 5, N'2D');
insert into SuatChieu values (N'SC00246', '08:15:00', '10:15:00', '2023-07-08', N'PH0001', 1, N'2D');
insert into SuatChieu values (N'SC00247', '10:30:00', '12:30:00', '2023-07-08', N'PH0001', 1, N'3D');
insert into SuatChieu values (N'SC00248', '12:45:00', '14:45:00', '2023-07-08', N'PH0001', 1, N'IMAX');
insert into SuatChieu values (N'SC00249', '15:00:00', '17:00:00', '2023-07-08', N'PH0001', 1, N'2D');
insert into SuatChieu values (N'SC00250', '17:15:00', '19:15:00', '2023-07-08', N'PH0001', 1, N'3D');
insert into SuatChieu values (N'SC00251', '19:30:00', '21:30:00', '2023-07-08', N'PH0001', 1, N'4DX');
insert into SuatChieu values (N'SC00252', '21:45:00', '23:45:00', '2023-07-08', N'PH0001', 1, N'2D');
insert into SuatChieu values (N'SC00253', '08:15:00', '10:15:00', '2023-07-08', N'PH0002', 2, N'2D');
insert into SuatChieu values (N'SC00254', '10:30:00', '12:30:00', '2023-07-08', N'PH0002', 2, N'3D');
insert into SuatChieu values (N'SC00255', '12:45:00', '14:45:00', '2023-07-08', N'PH0002', 2, N'IMAX');
insert into SuatChieu values (N'SC00256', '15:00:00', '17:00:00', '2023-07-08', N'PH0002', 2, N'2D');
insert into SuatChieu values (N'SC00257', '17:15:00', '19:15:00', '2023-07-08', N'PH0002', 2, N'3D');
insert into SuatChieu values (N'SC00258', '19:30:00', '21:30:00', '2023-07-08', N'PH0002', 2, N'4DX');
insert into SuatChieu values (N'SC00259', '21:45:00', '23:45:00', '2023-07-08', N'PH0002', 2, N'2D');
insert into SuatChieu values (N'SC00260', '08:15:00', '10:15:00', '2023-07-08', N'PH0003', 3, N'2D');
insert into SuatChieu values (N'SC00261', '10:30:00', '12:30:00', '2023-07-08', N'PH0003', 3, N'3D');
insert into SuatChieu values (N'SC00262', '12:45:00', '14:45:00', '2023-07-08', N'PH0003', 3, N'IMAX');
insert into SuatChieu values (N'SC00263', '15:00:00', '17:00:00', '2023-07-08', N'PH0003', 3, N'2D');
insert into SuatChieu values (N'SC00264', '17:15:00', '19:15:00', '2023-07-08', N'PH0003', 3, N'3D');
insert into SuatChieu values (N'SC00265', '19:30:00', '21:30:00', '2023-07-08', N'PH0003', 3, N'4DX');
insert into SuatChieu values (N'SC00266', '21:45:00', '23:45:00', '2023-07-08', N'PH0003', 3, N'2D');
insert into SuatChieu values (N'SC00267', '08:15:00', '10:15:00', '2023-07-08', N'PH0004', 4, N'2D');
insert into SuatChieu values (N'SC00268', '10:30:00', '12:30:00', '2023-07-08', N'PH0004', 4, N'3D');
insert into SuatChieu values (N'SC00269', '12:45:00', '14:45:00', '2023-07-08', N'PH0004', 4, N'IMAX');
insert into SuatChieu values (N'SC00270', '15:00:00', '17:00:00', '2023-07-08', N'PH0004', 4, N'2D');
insert into SuatChieu values (N'SC00271', '17:15:00', '19:15:00', '2023-07-08', N'PH0004', 4, N'3D');
insert into SuatChieu values (N'SC00272', '19:30:00', '21:30:00', '2023-07-08', N'PH0004', 4, N'4DX');
insert into SuatChieu values (N'SC00273', '21:45:00', '23:45:00', '2023-07-08', N'PH0004', 4, N'2D');
insert into SuatChieu values (N'SC00274', '08:15:00', '10:15:00', '2023-07-08', N'PH0005', 5, N'2D');
insert into SuatChieu values (N'SC00275', '10:30:00', '12:30:00', '2023-07-08', N'PH0005', 5, N'3D');
insert into SuatChieu values (N'SC00276', '12:45:00', '14:45:00', '2023-07-08', N'PH0005', 5, N'IMAX');
insert into SuatChieu values (N'SC00277', '15:00:00', '17:00:00', '2023-07-08', N'PH0005', 5, N'2D');
insert into SuatChieu values (N'SC00278', '17:15:00', '19:15:00', '2023-07-08', N'PH0005', 5, N'3D');
insert into SuatChieu values (N'SC00279', '19:30:00', '21:30:00', '2023-07-08', N'PH0005', 5, N'4DX');
insert into SuatChieu values (N'SC00280', '21:45:00', '23:45:00', '2023-07-08', N'PH0005', 5, N'2D');
insert into SuatChieu values (N'SC00281', '08:15:00', '10:15:00', '2023-07-09', N'PH0001', 1, N'2D');
insert into SuatChieu values (N'SC00282', '10:30:00', '12:30:00', '2023-07-09', N'PH0001', 1, N'3D');
insert into SuatChieu values (N'SC00283', '12:45:00', '14:45:00', '2023-07-09', N'PH0001', 1, N'IMAX');
insert into SuatChieu values (N'SC00284', '15:00:00', '17:00:00', '2023-07-09', N'PH0001', 1, N'2D');
insert into SuatChieu values (N'SC00285', '17:15:00', '19:15:00', '2023-07-09', N'PH0001', 1, N'3D');
insert into SuatChieu values (N'SC00286', '19:30:00', '21:30:00', '2023-07-09', N'PH0001', 1, N'4DX');
insert into SuatChieu values (N'SC00287', '21:45:00', '23:45:00', '2023-07-09', N'PH0001', 1, N'2D');
insert into SuatChieu values (N'SC00288', '08:15:00', '10:15:00', '2023-07-09', N'PH0002', 2, N'2D');
insert into SuatChieu values (N'SC00289', '10:30:00', '12:30:00', '2023-07-09', N'PH0002', 2, N'3D');
insert into SuatChieu values (N'SC00290', '12:45:00', '14:45:00', '2023-07-09', N'PH0002', 2, N'IMAX');
insert into SuatChieu values (N'SC00291', '15:00:00', '17:00:00', '2023-07-09', N'PH0002', 2, N'2D');
insert into SuatChieu values (N'SC00292', '17:15:00', '19:15:00', '2023-07-09', N'PH0002', 2, N'3D');
insert into SuatChieu values (N'SC00293', '19:30:00', '21:30:00', '2023-07-09', N'PH0002', 2, N'4DX');
insert into SuatChieu values (N'SC00294', '21:45:00', '23:45:00', '2023-07-09', N'PH0002', 2, N'2D');
insert into SuatChieu values (N'SC00295', '08:15:00', '10:15:00', '2023-07-09', N'PH0003', 3, N'2D');
insert into SuatChieu values (N'SC00296', '10:30:00', '12:30:00', '2023-07-09', N'PH0003', 3, N'3D');
insert into SuatChieu values (N'SC00297', '12:45:00', '14:45:00', '2023-07-09', N'PH0003', 3, N'IMAX');
insert into SuatChieu values (N'SC00298', '15:00:00', '17:00:00', '2023-07-09', N'PH0003', 3, N'2D');
insert into SuatChieu values (N'SC00299', '17:15:00', '19:15:00', '2023-07-09', N'PH0003', 3, N'3D');
insert into SuatChieu values (N'SC00300', '19:30:00', '21:30:00', '2023-07-09', N'PH0003', 3, N'4DX');
insert into SuatChieu values (N'SC00301', '21:45:00', '23:45:00', '2023-07-09', N'PH0003', 3, N'2D');
insert into SuatChieu values (N'SC00302', '08:15:00', '10:15:00', '2023-07-09', N'PH0004', 4, N'2D');
insert into SuatChieu values (N'SC00303', '10:30:00', '12:30:00', '2023-07-09', N'PH0004', 4, N'3D');
insert into SuatChieu values (N'SC00304', '12:45:00', '14:45:00', '2023-07-09', N'PH0004', 4, N'IMAX');
insert into SuatChieu values (N'SC00305', '15:00:00', '17:00:00', '2023-07-09', N'PH0004', 4, N'2D');
insert into SuatChieu values (N'SC00306', '17:15:00', '19:15:00', '2023-07-09', N'PH0004', 4, N'3D');
insert into SuatChieu values (N'SC00307', '19:30:00', '21:30:00', '2023-07-09', N'PH0004', 4, N'4DX');
insert into SuatChieu values (N'SC00308', '21:45:00', '23:45:00', '2023-07-09', N'PH0004', 4, N'2D');
insert into SuatChieu values (N'SC00309', '08:15:00', '10:15:00', '2023-07-09', N'PH0005', 5, N'2D');
insert into SuatChieu values (N'SC00310', '10:30:00', '12:30:00', '2023-07-09', N'PH0005', 5, N'3D');
insert into SuatChieu values (N'SC00311', '12:45:00', '14:45:00', '2023-07-09', N'PH0005', 5, N'IMAX');
insert into SuatChieu values (N'SC00312', '15:00:00', '17:00:00', '2023-07-09', N'PH0005', 5, N'2D');
insert into SuatChieu values (N'SC00313', '17:15:00', '19:15:00', '2023-07-09', N'PH0005', 5, N'3D');
insert into SuatChieu values (N'SC00314', '19:30:00', '21:30:00', '2023-07-09', N'PH0005', 5, N'4DX');
insert into SuatChieu values (N'SC00315', '21:45:00', '23:45:00', '2023-07-09', N'PH0005', 5, N'2D');
insert into SuatChieu values (N'SC00316', '08:15:00', '10:15:00', '2023-07-10', N'PH0001', 1, N'2D');
insert into SuatChieu values (N'SC00317', '10:30:00', '12:30:00', '2023-07-10', N'PH0001', 1, N'3D');
insert into SuatChieu values (N'SC00318', '12:45:00', '14:45:00', '2023-07-10', N'PH0001', 1, N'IMAX');
insert into SuatChieu values (N'SC00319', '15:00:00', '17:00:00', '2023-07-10', N'PH0001', 1, N'2D');
insert into SuatChieu values (N'SC00320', '17:15:00', '19:15:00', '2023-07-10', N'PH0001', 1, N'3D');
insert into SuatChieu values (N'SC00321', '19:30:00', '21:30:00', '2023-07-10', N'PH0001', 1, N'4DX');
insert into SuatChieu values (N'SC00322', '21:45:00', '23:45:00', '2023-07-10', N'PH0001', 1, N'2D');
insert into SuatChieu values (N'SC00323', '08:15:00', '10:15:00', '2023-07-10', N'PH0002', 2, N'2D');
insert into SuatChieu values (N'SC00324', '10:30:00', '12:30:00', '2023-07-10', N'PH0002', 2, N'3D');
insert into SuatChieu values (N'SC00325', '12:45:00', '14:45:00', '2023-07-10', N'PH0002', 2, N'IMAX');
insert into SuatChieu values (N'SC00326', '15:00:00', '17:00:00', '2023-07-10', N'PH0002', 2, N'2D');
insert into SuatChieu values (N'SC00327', '17:15:00', '19:15:00', '2023-07-10', N'PH0002', 2, N'3D');
insert into SuatChieu values (N'SC00328', '19:30:00', '21:30:00', '2023-07-10', N'PH0002', 2, N'4DX');
insert into SuatChieu values (N'SC00329', '21:45:00', '23:45:00', '2023-07-10', N'PH0002', 2, N'2D');
insert into SuatChieu values (N'SC00330', '08:15:00', '10:15:00', '2023-07-10', N'PH0003', 3, N'2D');
insert into SuatChieu values (N'SC00331', '10:30:00', '12:30:00', '2023-07-10', N'PH0003', 3, N'3D');
insert into SuatChieu values (N'SC00332', '12:45:00', '14:45:00', '2023-07-10', N'PH0003', 3, N'IMAX');
insert into SuatChieu values (N'SC00333', '15:00:00', '17:00:00', '2023-07-10', N'PH0003', 3, N'2D');
insert into SuatChieu values (N'SC00334', '17:15:00', '19:15:00', '2023-07-10', N'PH0003', 3, N'3D');
insert into SuatChieu values (N'SC00335', '19:30:00', '21:30:00', '2023-07-10', N'PH0003', 3, N'4DX');
insert into SuatChieu values (N'SC00336', '21:45:00', '23:45:00', '2023-07-10', N'PH0003', 3, N'2D');
insert into SuatChieu values (N'SC00337', '08:15:00', '10:15:00', '2023-07-10', N'PH0004', 4, N'2D');
insert into SuatChieu values (N'SC00338', '10:30:00', '12:30:00', '2023-07-10', N'PH0004', 4, N'3D');
insert into SuatChieu values (N'SC00339', '12:45:00', '14:45:00', '2023-07-10', N'PH0004', 4, N'IMAX');
insert into SuatChieu values (N'SC00340', '15:00:00', '17:00:00', '2023-07-10', N'PH0004', 4, N'2D');
insert into SuatChieu values (N'SC00341', '17:15:00', '19:15:00', '2023-07-10', N'PH0004', 4, N'3D');
insert into SuatChieu values (N'SC00342', '19:30:00', '21:30:00', '2023-07-10', N'PH0004', 4, N'4DX');
insert into SuatChieu values (N'SC00343', '21:45:00', '23:45:00', '2023-07-10', N'PH0004', 4, N'2D');
insert into SuatChieu values (N'SC00344', '08:15:00', '10:15:00', '2023-07-10', N'PH0005', 5, N'2D');
insert into SuatChieu values (N'SC00345', '10:30:00', '12:30:00', '2023-07-10', N'PH0005', 5, N'3D');
insert into SuatChieu values (N'SC00346', '12:45:00', '14:45:00', '2023-07-10', N'PH0005', 5, N'IMAX');
insert into SuatChieu values (N'SC00347', '15:00:00', '17:00:00', '2023-07-10', N'PH0005', 5, N'2D');
insert into SuatChieu values (N'SC00348', '17:15:00', '19:15:00', '2023-07-10', N'PH0005', 5, N'3D');
insert into SuatChieu values (N'SC00349', '19:30:00', '21:30:00', '2023-07-10', N'PH0005', 5, N'4DX');
insert into SuatChieu values (N'SC00350', '21:45:00', '23:45:00', '2023-07-10', N'PH0005', 5, N'2D');
insert into SuatChieu values (N'SC00351', '08:15:00', '10:15:00', '2023-07-11', N'PH0001', 1, N'2D');
insert into SuatChieu values (N'SC00352', '10:30:00', '12:30:00', '2023-07-11', N'PH0001', 1, N'3D');
insert into SuatChieu values (N'SC00353', '12:45:00', '14:45:00', '2023-07-11', N'PH0001', 1, N'IMAX');
insert into SuatChieu values (N'SC00354', '15:00:00', '17:00:00', '2023-07-11', N'PH0001', 1, N'2D');
insert into SuatChieu values (N'SC00355', '17:15:00', '19:15:00', '2023-07-11', N'PH0001', 1, N'3D');
insert into SuatChieu values (N'SC00356', '19:30:00', '21:30:00', '2023-07-11', N'PH0001', 1, N'4DX');
insert into SuatChieu values (N'SC00357', '21:45:00', '23:45:00', '2023-07-11', N'PH0001', 1, N'2D');
insert into SuatChieu values (N'SC00358', '08:15:00', '10:15:00', '2023-07-11', N'PH0002', 2, N'2D');
insert into SuatChieu values (N'SC00359', '10:30:00', '12:30:00', '2023-07-11', N'PH0002', 2, N'3D');
insert into SuatChieu values (N'SC00360', '12:45:00', '14:45:00', '2023-07-11', N'PH0002', 2, N'IMAX');
insert into SuatChieu values (N'SC00361', '15:00:00', '17:00:00', '2023-07-11', N'PH0002', 2, N'2D');
insert into SuatChieu values (N'SC00362', '17:15:00', '19:15:00', '2023-07-11', N'PH0002', 2, N'3D');
insert into SuatChieu values (N'SC00363', '19:30:00', '21:30:00', '2023-07-11', N'PH0002', 2, N'4DX');
insert into SuatChieu values (N'SC00364', '21:45:00', '23:45:00', '2023-07-11', N'PH0002', 2, N'2D');
insert into SuatChieu values (N'SC00365', '08:15:00', '10:15:00', '2023-07-11', N'PH0003', 3, N'2D');
insert into SuatChieu values (N'SC00366', '10:30:00', '12:30:00', '2023-07-11', N'PH0003', 3, N'3D');
insert into SuatChieu values (N'SC00367', '12:45:00', '14:45:00', '2023-07-11', N'PH0003', 3, N'IMAX');
insert into SuatChieu values (N'SC00368', '15:00:00', '17:00:00', '2023-07-11', N'PH0003', 3, N'2D');
insert into SuatChieu values (N'SC00369', '17:15:00', '19:15:00', '2023-07-11', N'PH0003', 3, N'3D');
insert into SuatChieu values (N'SC00370', '19:30:00', '21:30:00', '2023-07-11', N'PH0003', 3, N'4DX');
insert into SuatChieu values (N'SC00371', '21:45:00', '23:45:00', '2023-07-11', N'PH0003', 3, N'2D');
insert into SuatChieu values (N'SC00372', '08:15:00', '10:15:00', '2023-07-11', N'PH0004', 4, N'2D');
insert into SuatChieu values (N'SC00373', '10:30:00', '12:30:00', '2023-07-11', N'PH0004', 4, N'3D');
insert into SuatChieu values (N'SC00374', '12:45:00', '14:45:00', '2023-07-11', N'PH0004', 4, N'IMAX');
insert into SuatChieu values (N'SC00375', '15:00:00', '17:00:00', '2023-07-11', N'PH0004', 4, N'2D');
insert into SuatChieu values (N'SC00376', '17:15:00', '19:15:00', '2023-07-11', N'PH0004', 4, N'3D');
insert into SuatChieu values (N'SC00377', '19:30:00', '21:30:00', '2023-07-11', N'PH0004', 4, N'4DX');
insert into SuatChieu values (N'SC00378', '21:45:00', '23:45:00', '2023-07-11', N'PH0004', 4, N'2D');
insert into SuatChieu values (N'SC00379', '08:15:00', '10:15:00', '2023-07-11', N'PH0005', 5, N'2D');
insert into SuatChieu values (N'SC00380', '10:30:00', '12:30:00', '2023-07-11', N'PH0005', 5, N'3D');
insert into SuatChieu values (N'SC00381', '12:45:00', '14:45:00', '2023-07-11', N'PH0005', 5, N'IMAX');
insert into SuatChieu values (N'SC00382', '15:00:00', '17:00:00', '2023-07-11', N'PH0005', 5, N'2D');
insert into SuatChieu values (N'SC00383', '17:15:00', '19:15:00', '2023-07-11', N'PH0005', 5, N'3D');
insert into SuatChieu values (N'SC00384', '19:30:00', '21:30:00', '2023-07-11', N'PH0005', 5, N'4DX');
insert into SuatChieu values (N'SC00385', '21:45:00', '23:45:00', '2023-07-11', N'PH0005', 5, N'2D');
insert into SuatChieu values (N'SC00386', '08:15:00', '10:15:00', '2023-07-12', N'PH0001', 1, N'2D');
insert into SuatChieu values (N'SC00387', '10:30:00', '12:30:00', '2023-07-12', N'PH0001', 1, N'3D');
insert into SuatChieu values (N'SC00388', '12:45:00', '14:45:00', '2023-07-12', N'PH0001', 1, N'IMAX');
insert into SuatChieu values (N'SC00389', '15:00:00', '17:00:00', '2023-07-12', N'PH0001', 1, N'2D');
insert into SuatChieu values (N'SC00390', '17:15:00', '19:15:00', '2023-07-12', N'PH0001', 1, N'3D');
insert into SuatChieu values (N'SC00391', '19:30:00', '21:30:00', '2023-07-12', N'PH0001', 1, N'4DX');
insert into SuatChieu values (N'SC00392', '21:45:00', '23:45:00', '2023-07-12', N'PH0001', 1, N'2D');
insert into SuatChieu values (N'SC00393', '08:15:00', '10:15:00', '2023-07-12', N'PH0002', 2, N'2D');
insert into SuatChieu values (N'SC00394', '10:30:00', '12:30:00', '2023-07-12', N'PH0002', 2, N'3D');
insert into SuatChieu values (N'SC00395', '12:45:00', '14:45:00', '2023-07-12', N'PH0002', 2, N'IMAX');
insert into SuatChieu values (N'SC00396', '15:00:00', '17:00:00', '2023-07-12', N'PH0002', 2, N'2D');
insert into SuatChieu values (N'SC00397', '17:15:00', '19:15:00', '2023-07-12', N'PH0002', 2, N'3D');
insert into SuatChieu values (N'SC00398', '19:30:00', '21:30:00', '2023-07-12', N'PH0002', 2, N'4DX');
insert into SuatChieu values (N'SC00399', '21:45:00', '23:45:00', '2023-07-12', N'PH0002', 2, N'2D');
insert into SuatChieu values (N'SC00400', '08:15:00', '10:15:00', '2023-07-12', N'PH0003', 3, N'2D');
insert into SuatChieu values (N'SC00401', '10:30:00', '12:30:00', '2023-07-12', N'PH0003', 3, N'3D');
insert into SuatChieu values (N'SC00402', '12:45:00', '14:45:00', '2023-07-12', N'PH0003', 3, N'IMAX');
insert into SuatChieu values (N'SC00403', '15:00:00', '17:00:00', '2023-07-12', N'PH0003', 3, N'2D');
insert into SuatChieu values (N'SC00404', '17:15:00', '19:15:00', '2023-07-12', N'PH0003', 3, N'3D');
insert into SuatChieu values (N'SC00405', '19:30:00', '21:30:00', '2023-07-12', N'PH0003', 3, N'4DX');
insert into SuatChieu values (N'SC00406', '21:45:00', '23:45:00', '2023-07-12', N'PH0003', 3, N'2D');
insert into SuatChieu values (N'SC00407', '08:15:00', '10:15:00', '2023-07-12', N'PH0004', 4, N'2D');
insert into SuatChieu values (N'SC00408', '10:30:00', '12:30:00', '2023-07-12', N'PH0004', 4, N'3D');
insert into SuatChieu values (N'SC00409', '12:45:00', '14:45:00', '2023-07-12', N'PH0004', 4, N'IMAX');
insert into SuatChieu values (N'SC00410', '15:00:00', '17:00:00', '2023-07-12', N'PH0004', 4, N'2D');
insert into SuatChieu values (N'SC00411', '17:15:00', '19:15:00', '2023-07-12', N'PH0004', 4, N'3D');
insert into SuatChieu values (N'SC00412', '19:30:00', '21:30:00', '2023-07-12', N'PH0004', 4, N'4DX');
insert into SuatChieu values (N'SC00413', '21:45:00', '23:45:00', '2023-07-12', N'PH0004', 4, N'2D');
insert into SuatChieu values (N'SC00414', '08:15:00', '10:15:00', '2023-07-12', N'PH0005', 5, N'2D');
insert into SuatChieu values (N'SC00415', '10:30:00', '12:30:00', '2023-07-12', N'PH0005', 5, N'3D');
insert into SuatChieu values (N'SC00416', '12:45:00', '14:45:00', '2023-07-12', N'PH0005', 5, N'IMAX');
insert into SuatChieu values (N'SC00417', '15:00:00', '17:00:00', '2023-07-12', N'PH0005', 5, N'2D');
insert into SuatChieu values (N'SC00418', '17:15:00', '19:15:00', '2023-07-12', N'PH0005', 5, N'3D');
insert into SuatChieu values (N'SC00419', '19:30:00', '21:30:00', '2023-07-12', N'PH0005', 5, N'4DX');
insert into SuatChieu values (N'SC00420', '21:45:00', '23:45:00', '2023-07-12', N'PH0005', 5, N'2D');
insert into SuatChieu values (N'SC00421', '08:15:00', '10:15:00', '2023-07-13', N'PH0001', 1, N'2D');
insert into SuatChieu values (N'SC00422', '10:30:00', '12:30:00', '2023-07-13', N'PH0001', 1, N'3D');
insert into SuatChieu values (N'SC00423', '12:45:00', '14:45:00', '2023-07-13', N'PH0001', 1, N'IMAX');
insert into SuatChieu values (N'SC00424', '15:00:00', '17:00:00', '2023-07-13', N'PH0001', 1, N'2D');
insert into SuatChieu values (N'SC00425', '17:15:00', '19:15:00', '2023-07-13', N'PH0001', 1, N'3D');
insert into SuatChieu values (N'SC00426', '19:30:00', '21:30:00', '2023-07-13', N'PH0001', 1, N'4DX');
insert into SuatChieu values (N'SC00427', '21:45:00', '23:45:00', '2023-07-13', N'PH0001', 1, N'2D');
insert into SuatChieu values (N'SC00428', '08:15:00', '10:15:00', '2023-07-13', N'PH0002', 2, N'2D');
insert into SuatChieu values (N'SC00429', '10:30:00', '12:30:00', '2023-07-13', N'PH0002', 2, N'3D');
insert into SuatChieu values (N'SC00430', '12:45:00', '14:45:00', '2023-07-13', N'PH0002', 2, N'IMAX');
insert into SuatChieu values (N'SC00431', '15:00:00', '17:00:00', '2023-07-13', N'PH0002', 2, N'2D');
insert into SuatChieu values (N'SC00432', '17:15:00', '19:15:00', '2023-07-13', N'PH0002', 2, N'3D');
insert into SuatChieu values (N'SC00433', '19:30:00', '21:30:00', '2023-07-13', N'PH0002', 2, N'4DX');
insert into SuatChieu values (N'SC00434', '21:45:00', '23:45:00', '2023-07-13', N'PH0002', 2, N'2D');
insert into SuatChieu values (N'SC00435', '08:15:00', '10:15:00', '2023-07-13', N'PH0003', 3, N'2D');
insert into SuatChieu values (N'SC00436', '10:30:00', '12:30:00', '2023-07-13', N'PH0003', 3, N'3D');
insert into SuatChieu values (N'SC00437', '12:45:00', '14:45:00', '2023-07-13', N'PH0003', 3, N'IMAX');
insert into SuatChieu values (N'SC00438', '15:00:00', '17:00:00', '2023-07-13', N'PH0003', 3, N'2D');
insert into SuatChieu values (N'SC00439', '17:15:00', '19:15:00', '2023-07-13', N'PH0003', 3, N'3D');
insert into SuatChieu values (N'SC00440', '19:30:00', '21:30:00', '2023-07-13', N'PH0003', 3, N'4DX');
insert into SuatChieu values (N'SC00441', '21:45:00', '23:45:00', '2023-07-13', N'PH0003', 3, N'2D');
insert into SuatChieu values (N'SC00442', '08:15:00', '10:15:00', '2023-07-13', N'PH0004', 4, N'2D');
insert into SuatChieu values (N'SC00443', '10:30:00', '12:30:00', '2023-07-13', N'PH0004', 4, N'3D');
insert into SuatChieu values (N'SC00444', '12:45:00', '14:45:00', '2023-07-13', N'PH0004', 4, N'IMAX');
insert into SuatChieu values (N'SC00445', '15:00:00', '17:00:00', '2023-07-13', N'PH0004', 4, N'2D');
insert into SuatChieu values (N'SC00446', '17:15:00', '19:15:00', '2023-07-13', N'PH0004', 4, N'3D');
insert into SuatChieu values (N'SC00447', '19:30:00', '21:30:00', '2023-07-13', N'PH0004', 4, N'4DX');
insert into SuatChieu values (N'SC00448', '21:45:00', '23:45:00', '2023-07-13', N'PH0004', 4, N'2D');
insert into SuatChieu values (N'SC00449', '08:15:00', '10:15:00', '2023-07-13', N'PH0005', 5, N'2D');
insert into SuatChieu values (N'SC00450', '10:30:00', '12:30:00', '2023-07-13', N'PH0005', 5, N'3D');
insert into SuatChieu values (N'SC00451', '12:45:00', '14:45:00', '2023-07-13', N'PH0005', 5, N'IMAX');
insert into SuatChieu values (N'SC00452', '15:00:00', '17:00:00', '2023-07-13', N'PH0005', 5, N'2D');
insert into SuatChieu values (N'SC00453', '17:15:00', '19:15:00', '2023-07-13', N'PH0005', 5, N'3D');
insert into SuatChieu values (N'SC00454', '19:30:00', '21:30:00', '2023-07-13', N'PH0005', 5, N'4DX');
insert into SuatChieu values (N'SC00455', '21:45:00', '23:45:00', '2023-07-13', N'PH0005', 5, N'2D');
insert into SuatChieu values (N'SC00456', '08:15:00', '10:15:00', '2023-07-14', N'PH0001', 1, N'2D');
insert into SuatChieu values (N'SC00457', '10:30:00', '12:30:00', '2023-07-14', N'PH0001', 1, N'3D');
insert into SuatChieu values (N'SC00458', '12:45:00', '14:45:00', '2023-07-14', N'PH0001', 1, N'IMAX');
insert into SuatChieu values (N'SC00459', '15:00:00', '17:00:00', '2023-07-14', N'PH0001', 1, N'2D');
insert into SuatChieu values (N'SC00460', '17:15:00', '19:15:00', '2023-07-14', N'PH0001', 1, N'3D');
insert into SuatChieu values (N'SC00461', '19:30:00', '21:30:00', '2023-07-14', N'PH0001', 1, N'4DX');
insert into SuatChieu values (N'SC00462', '21:45:00', '23:45:00', '2023-07-14', N'PH0001', 1, N'2D');
insert into SuatChieu values (N'SC00463', '08:15:00', '10:15:00', '2023-07-14', N'PH0002', 2, N'2D');
insert into SuatChieu values (N'SC00464', '10:30:00', '12:30:00', '2023-07-14', N'PH0002', 2, N'3D');
insert into SuatChieu values (N'SC00465', '12:45:00', '14:45:00', '2023-07-14', N'PH0002', 2, N'IMAX');
insert into SuatChieu values (N'SC00466', '15:00:00', '17:00:00', '2023-07-14', N'PH0002', 2, N'2D');
insert into SuatChieu values (N'SC00467', '17:15:00', '19:15:00', '2023-07-14', N'PH0002', 2, N'3D');
insert into SuatChieu values (N'SC00468', '19:30:00', '21:30:00', '2023-07-14', N'PH0002', 2, N'4DX');
insert into SuatChieu values (N'SC00469', '21:45:00', '23:45:00', '2023-07-14', N'PH0002', 2, N'2D');
insert into SuatChieu values (N'SC00470', '08:15:00', '10:15:00', '2023-07-14', N'PH0003', 3, N'2D');
insert into SuatChieu values (N'SC00471', '10:30:00', '12:30:00', '2023-07-14', N'PH0003', 3, N'3D');
insert into SuatChieu values (N'SC00472', '12:45:00', '14:45:00', '2023-07-14', N'PH0003', 3, N'IMAX');
insert into SuatChieu values (N'SC00473', '15:00:00', '17:00:00', '2023-07-14', N'PH0003', 3, N'2D');
insert into SuatChieu values (N'SC00474', '17:15:00', '19:15:00', '2023-07-14', N'PH0003', 3, N'3D');
insert into SuatChieu values (N'SC00475', '19:30:00', '21:30:00', '2023-07-14', N'PH0003', 3, N'4DX');
insert into SuatChieu values (N'SC00476', '21:45:00', '23:45:00', '2023-07-14', N'PH0003', 3, N'2D');
insert into SuatChieu values (N'SC00477', '08:15:00', '10:15:00', '2023-07-14', N'PH0004', 4, N'2D');
insert into SuatChieu values (N'SC00478', '10:30:00', '12:30:00', '2023-07-14', N'PH0004', 4, N'3D');
insert into SuatChieu values (N'SC00479', '12:45:00', '14:45:00', '2023-07-14', N'PH0004', 4, N'IMAX');
insert into SuatChieu values (N'SC00480', '15:00:00', '17:00:00', '2023-07-14', N'PH0004', 4, N'2D');
insert into SuatChieu values (N'SC00481', '17:15:00', '19:15:00', '2023-07-14', N'PH0004', 4, N'3D');
insert into SuatChieu values (N'SC00482', '19:30:00', '21:30:00', '2023-07-14', N'PH0004', 4, N'4DX');
insert into SuatChieu values (N'SC00483', '21:45:00', '23:45:00', '2023-07-14', N'PH0004', 4, N'2D');
insert into SuatChieu values (N'SC00484', '08:15:00', '10:15:00', '2023-07-14', N'PH0005', 5, N'2D');
insert into SuatChieu values (N'SC00485', '10:30:00', '12:30:00', '2023-07-14', N'PH0005', 5, N'3D');
insert into SuatChieu values (N'SC00486', '12:45:00', '14:45:00', '2023-07-14', N'PH0005', 5, N'IMAX');
insert into SuatChieu values (N'SC00487', '15:00:00', '17:00:00', '2023-07-14', N'PH0005', 5, N'2D');
insert into SuatChieu values (N'SC00488', '17:15:00', '19:15:00', '2023-07-14', N'PH0005', 5, N'3D');
insert into SuatChieu values (N'SC00489', '19:30:00', '21:30:00', '2023-07-14', N'PH0005', 5, N'4DX');
insert into SuatChieu values (N'SC00490', '21:45:00', '23:45:00', '2023-07-14', N'PH0005', 5, N'2D');
insert into SuatChieu values (N'SC00491', '08:15:00', '10:15:00', '2023-07-15', N'PH0001', 1, N'2D');
insert into SuatChieu values (N'SC00492', '10:30:00', '12:30:00', '2023-07-15', N'PH0001', 1, N'3D');
insert into SuatChieu values (N'SC00493', '12:45:00', '14:45:00', '2023-07-15', N'PH0001', 1, N'IMAX');
insert into SuatChieu values (N'SC00494', '15:00:00', '17:00:00', '2023-07-15', N'PH0001', 1, N'2D');
insert into SuatChieu values (N'SC00495', '17:15:00', '19:15:00', '2023-07-15', N'PH0001', 1, N'3D');
insert into SuatChieu values (N'SC00496', '19:30:00', '21:30:00', '2023-07-15', N'PH0001', 1, N'4DX');
insert into SuatChieu values (N'SC00497', '21:45:00', '23:45:00', '2023-07-15', N'PH0001', 1, N'2D');
insert into SuatChieu values (N'SC00498', '08:15:00', '10:15:00', '2023-07-15', N'PH0002', 2, N'2D');
insert into SuatChieu values (N'SC00499', '10:30:00', '12:30:00', '2023-07-15', N'PH0002', 2, N'3D');
insert into SuatChieu values (N'SC00500', '12:45:00', '14:45:00', '2023-07-15', N'PH0002', 2, N'IMAX');
insert into SuatChieu values (N'SC00501', '15:00:00', '17:00:00', '2023-07-15', N'PH0002', 2, N'2D');
insert into SuatChieu values (N'SC00502', '17:15:00', '19:15:00', '2023-07-15', N'PH0002', 2, N'3D');
insert into SuatChieu values (N'SC00503', '19:30:00', '21:30:00', '2023-07-15', N'PH0002', 2, N'4DX');
insert into SuatChieu values (N'SC00504', '21:45:00', '23:45:00', '2023-07-15', N'PH0002', 2, N'2D');
insert into SuatChieu values (N'SC00505', '08:15:00', '10:15:00', '2023-07-15', N'PH0003', 3, N'2D');
insert into SuatChieu values (N'SC00506', '10:30:00', '12:30:00', '2023-07-15', N'PH0003', 3, N'3D');
insert into SuatChieu values (N'SC00507', '12:45:00', '14:45:00', '2023-07-15', N'PH0003', 3, N'IMAX');
insert into SuatChieu values (N'SC00508', '15:00:00', '17:00:00', '2023-07-15', N'PH0003', 3, N'2D');
insert into SuatChieu values (N'SC00509', '17:15:00', '19:15:00', '2023-07-15', N'PH0003', 3, N'3D');
insert into SuatChieu values (N'SC00510', '19:30:00', '21:30:00', '2023-07-15', N'PH0003', 3, N'4DX');
insert into SuatChieu values (N'SC00511', '21:45:00', '23:45:00', '2023-07-15', N'PH0003', 3, N'2D');
insert into SuatChieu values (N'SC00512', '08:15:00', '10:15:00', '2023-07-15', N'PH0004', 4, N'2D');
insert into SuatChieu values (N'SC00513', '10:30:00', '12:30:00', '2023-07-15', N'PH0004', 4, N'3D');
insert into SuatChieu values (N'SC00514', '12:45:00', '14:45:00', '2023-07-15', N'PH0004', 4, N'IMAX');
insert into SuatChieu values (N'SC00515', '15:00:00', '17:00:00', '2023-07-15', N'PH0004', 4, N'2D');
insert into SuatChieu values (N'SC00516', '17:15:00', '19:15:00', '2023-07-15', N'PH0004', 4, N'3D');
insert into SuatChieu values (N'SC00517', '19:30:00', '21:30:00', '2023-07-15', N'PH0004', 4, N'4DX');
insert into SuatChieu values (N'SC00518', '21:45:00', '23:45:00', '2023-07-15', N'PH0004', 4, N'2D');
insert into SuatChieu values (N'SC00519', '08:15:00', '10:15:00', '2023-07-15', N'PH0005', 5, N'2D');
insert into SuatChieu values (N'SC00520', '10:30:00', '12:30:00', '2023-07-15', N'PH0005', 5, N'3D');
insert into SuatChieu values (N'SC00521', '12:45:00', '14:45:00', '2023-07-15', N'PH0005', 5, N'IMAX');
insert into SuatChieu values (N'SC00522', '15:00:00', '17:00:00', '2023-07-15', N'PH0005', 5, N'2D');
insert into SuatChieu values (N'SC00523', '17:15:00', '19:15:00', '2023-07-15', N'PH0005', 5, N'3D');
insert into SuatChieu values (N'SC00524', '19:30:00', '21:30:00', '2023-07-15', N'PH0005', 5, N'4DX');
insert into SuatChieu values (N'SC00525', '21:45:00', '23:45:00', '2023-07-15', N'PH0005', 5, N'2D');
insert into SuatChieu values (N'SC00526', '08:15:00', '10:15:00', '2023-07-16', N'PH0001', 1, N'2D');
insert into SuatChieu values (N'SC00527', '10:30:00', '12:30:00', '2023-07-16', N'PH0001', 1, N'3D');
insert into SuatChieu values (N'SC00528', '12:45:00', '14:45:00', '2023-07-16', N'PH0001', 1, N'IMAX');
insert into SuatChieu values (N'SC00529', '15:00:00', '17:00:00', '2023-07-16', N'PH0001', 1, N'2D');
insert into SuatChieu values (N'SC00530', '17:15:00', '19:15:00', '2023-07-16', N'PH0001', 1, N'3D');
insert into SuatChieu values (N'SC00531', '19:30:00', '21:30:00', '2023-07-16', N'PH0001', 1, N'4DX');
insert into SuatChieu values (N'SC00532', '21:45:00', '23:45:00', '2023-07-16', N'PH0001', 1, N'2D');
insert into SuatChieu values (N'SC00533', '08:15:00', '10:15:00', '2023-07-16', N'PH0002', 2, N'2D');
insert into SuatChieu values (N'SC00534', '10:30:00', '12:30:00', '2023-07-16', N'PH0002', 2, N'3D');
insert into SuatChieu values (N'SC00535', '12:45:00', '14:45:00', '2023-07-16', N'PH0002', 2, N'IMAX');
insert into SuatChieu values (N'SC00536', '15:00:00', '17:00:00', '2023-07-16', N'PH0002', 2, N'2D');
insert into SuatChieu values (N'SC00537', '17:15:00', '19:15:00', '2023-07-16', N'PH0002', 2, N'3D');
insert into SuatChieu values (N'SC00538', '19:30:00', '21:30:00', '2023-07-16', N'PH0002', 2, N'4DX');
insert into SuatChieu values (N'SC00539', '21:45:00', '23:45:00', '2023-07-16', N'PH0002', 2, N'2D');
insert into SuatChieu values (N'SC00540', '08:15:00', '10:15:00', '2023-07-16', N'PH0003', 3, N'2D');
insert into SuatChieu values (N'SC00541', '10:30:00', '12:30:00', '2023-07-16', N'PH0003', 3, N'3D');
insert into SuatChieu values (N'SC00542', '12:45:00', '14:45:00', '2023-07-16', N'PH0003', 3, N'IMAX');
insert into SuatChieu values (N'SC00543', '15:00:00', '17:00:00', '2023-07-16', N'PH0003', 3, N'2D');
insert into SuatChieu values (N'SC00544', '17:15:00', '19:15:00', '2023-07-16', N'PH0003', 3, N'3D');
insert into SuatChieu values (N'SC00545', '19:30:00', '21:30:00', '2023-07-16', N'PH0003', 3, N'4DX');
insert into SuatChieu values (N'SC00546', '21:45:00', '23:45:00', '2023-07-16', N'PH0003', 3, N'2D');
insert into SuatChieu values (N'SC00547', '08:15:00', '10:15:00', '2023-07-16', N'PH0004', 4, N'2D');
insert into SuatChieu values (N'SC00548', '10:30:00', '12:30:00', '2023-07-16', N'PH0004', 4, N'3D');
insert into SuatChieu values (N'SC00549', '12:45:00', '14:45:00', '2023-07-16', N'PH0004', 4, N'IMAX');
insert into SuatChieu values (N'SC00550', '15:00:00', '17:00:00', '2023-07-16', N'PH0004', 4, N'2D');
insert into SuatChieu values (N'SC00551', '17:15:00', '19:15:00', '2023-07-16', N'PH0004', 4, N'3D');
insert into SuatChieu values (N'SC00552', '19:30:00', '21:30:00', '2023-07-16', N'PH0004', 4, N'4DX');
insert into SuatChieu values (N'SC00553', '21:45:00', '23:45:00', '2023-07-16', N'PH0004', 4, N'2D');
insert into SuatChieu values (N'SC00554', '08:15:00', '10:15:00', '2023-07-16', N'PH0005', 5, N'2D');
insert into SuatChieu values (N'SC00555', '10:30:00', '12:30:00', '2023-07-16', N'PH0005', 5, N'3D');
insert into SuatChieu values (N'SC00556', '12:45:00', '14:45:00', '2023-07-16', N'PH0005', 5, N'IMAX');
insert into SuatChieu values (N'SC00557', '15:00:00', '17:00:00', '2023-07-16', N'PH0005', 5, N'2D');
insert into SuatChieu values (N'SC00558', '17:15:00', '19:15:00', '2023-07-16', N'PH0005', 5, N'3D');
insert into SuatChieu values (N'SC00559', '19:30:00', '21:30:00', '2023-07-16', N'PH0005', 5, N'4DX');
insert into SuatChieu values (N'SC00560', '21:45:00', '23:45:00', '2023-07-16', N'PH0005', 5, N'2D');
insert into SuatChieu values (N'SC00561', '08:15:00', '10:15:00', '2023-07-17', N'PH0001', 1, N'2D');
insert into SuatChieu values (N'SC00562', '10:30:00', '12:30:00', '2023-07-17', N'PH0001', 1, N'3D');
insert into SuatChieu values (N'SC00563', '12:45:00', '14:45:00', '2023-07-17', N'PH0001', 1, N'IMAX');
insert into SuatChieu values (N'SC00564', '15:00:00', '17:00:00', '2023-07-17', N'PH0001', 1, N'2D');
insert into SuatChieu values (N'SC00565', '17:15:00', '19:15:00', '2023-07-17', N'PH0001', 1, N'3D');
insert into SuatChieu values (N'SC00566', '19:30:00', '21:30:00', '2023-07-17', N'PH0001', 1, N'4DX');
insert into SuatChieu values (N'SC00567', '21:45:00', '23:45:00', '2023-07-17', N'PH0001', 1, N'2D');
insert into SuatChieu values (N'SC00568', '08:15:00', '10:15:00', '2023-07-17', N'PH0002', 2, N'2D');
insert into SuatChieu values (N'SC00569', '10:30:00', '12:30:00', '2023-07-17', N'PH0002', 2, N'3D');
insert into SuatChieu values (N'SC00570', '12:45:00', '14:45:00', '2023-07-17', N'PH0002', 2, N'IMAX');
insert into SuatChieu values (N'SC00571', '15:00:00', '17:00:00', '2023-07-17', N'PH0002', 2, N'2D');
insert into SuatChieu values (N'SC00572', '17:15:00', '19:15:00', '2023-07-17', N'PH0002', 2, N'3D');
insert into SuatChieu values (N'SC00573', '19:30:00', '21:30:00', '2023-07-17', N'PH0002', 2, N'4DX');
insert into SuatChieu values (N'SC00574', '21:45:00', '23:45:00', '2023-07-17', N'PH0002', 2, N'2D');
insert into SuatChieu values (N'SC00575', '08:15:00', '10:15:00', '2023-07-17', N'PH0003', 3, N'2D');
insert into SuatChieu values (N'SC00576', '10:30:00', '12:30:00', '2023-07-17', N'PH0003', 3, N'3D');
insert into SuatChieu values (N'SC00577', '12:45:00', '14:45:00', '2023-07-17', N'PH0003', 3, N'IMAX');
insert into SuatChieu values (N'SC00578', '15:00:00', '17:00:00', '2023-07-17', N'PH0003', 3, N'2D');
insert into SuatChieu values (N'SC00579', '17:15:00', '19:15:00', '2023-07-17', N'PH0003', 3, N'3D');
insert into SuatChieu values (N'SC00580', '19:30:00', '21:30:00', '2023-07-17', N'PH0003', 3, N'4DX');
insert into SuatChieu values (N'SC00581', '21:45:00', '23:45:00', '2023-07-17', N'PH0003', 3, N'2D');
insert into SuatChieu values (N'SC00582', '08:15:00', '10:15:00', '2023-07-17', N'PH0004', 4, N'2D');
insert into SuatChieu values (N'SC00583', '10:30:00', '12:30:00', '2023-07-17', N'PH0004', 4, N'3D');
insert into SuatChieu values (N'SC00584', '12:45:00', '14:45:00', '2023-07-17', N'PH0004', 4, N'IMAX');
insert into SuatChieu values (N'SC00585', '15:00:00', '17:00:00', '2023-07-17', N'PH0004', 4, N'2D');
insert into SuatChieu values (N'SC00586', '17:15:00', '19:15:00', '2023-07-17', N'PH0004', 4, N'3D');
insert into SuatChieu values (N'SC00587', '19:30:00', '21:30:00', '2023-07-17', N'PH0004', 4, N'4DX');
insert into SuatChieu values (N'SC00588', '21:45:00', '23:45:00', '2023-07-17', N'PH0004', 4, N'2D');
insert into SuatChieu values (N'SC00589', '08:15:00', '10:15:00', '2023-07-17', N'PH0005', 5, N'2D');
insert into SuatChieu values (N'SC00590', '10:30:00', '12:30:00', '2023-07-17', N'PH0005', 5, N'3D');
insert into SuatChieu values (N'SC00591', '12:45:00', '14:45:00', '2023-07-17', N'PH0005', 5, N'IMAX');
insert into SuatChieu values (N'SC00592', '15:00:00', '17:00:00', '2023-07-17', N'PH0005', 5, N'2D');
insert into SuatChieu values (N'SC00593', '17:15:00', '19:15:00', '2023-07-17', N'PH0005', 5, N'3D');
insert into SuatChieu values (N'SC00594', '19:30:00', '21:30:00', '2023-07-17', N'PH0005', 5, N'4DX');
insert into SuatChieu values (N'SC00595', '21:45:00', '23:45:00', '2023-07-17', N'PH0005', 5, N'2D');
insert into SuatChieu values (N'SC00596', '08:15:00', '10:15:00', '2023-07-18', N'PH0001', 1, N'2D');
insert into SuatChieu values (N'SC00597', '10:30:00', '12:30:00', '2023-07-18', N'PH0001', 1, N'3D');
insert into SuatChieu values (N'SC00598', '12:45:00', '14:45:00', '2023-07-18', N'PH0001', 1, N'IMAX');
insert into SuatChieu values (N'SC00599', '15:00:00', '17:00:00', '2023-07-18', N'PH0001', 1, N'2D');
insert into SuatChieu values (N'SC00600', '17:15:00', '19:15:00', '2023-07-18', N'PH0001', 1, N'3D');
insert into SuatChieu values (N'SC00601', '19:30:00', '21:30:00', '2023-07-18', N'PH0001', 1, N'4DX');
insert into SuatChieu values (N'SC00602', '21:45:00', '23:45:00', '2023-07-18', N'PH0001', 1, N'2D');
insert into SuatChieu values (N'SC00603', '08:15:00', '10:15:00', '2023-07-18', N'PH0002', 2, N'2D');
insert into SuatChieu values (N'SC00604', '10:30:00', '12:30:00', '2023-07-18', N'PH0002', 2, N'3D');
insert into SuatChieu values (N'SC00605', '12:45:00', '14:45:00', '2023-07-18', N'PH0002', 2, N'IMAX');
insert into SuatChieu values (N'SC00606', '15:00:00', '17:00:00', '2023-07-18', N'PH0002', 2, N'2D');
insert into SuatChieu values (N'SC00607', '17:15:00', '19:15:00', '2023-07-18', N'PH0002', 2, N'3D');
insert into SuatChieu values (N'SC00608', '19:30:00', '21:30:00', '2023-07-18', N'PH0002', 2, N'4DX');
insert into SuatChieu values (N'SC00609', '21:45:00', '23:45:00', '2023-07-18', N'PH0002', 2, N'2D');
insert into SuatChieu values (N'SC00610', '08:15:00', '10:15:00', '2023-07-18', N'PH0003', 3, N'2D');
insert into SuatChieu values (N'SC00611', '10:30:00', '12:30:00', '2023-07-18', N'PH0003', 3, N'3D');
insert into SuatChieu values (N'SC00612', '12:45:00', '14:45:00', '2023-07-18', N'PH0003', 3, N'IMAX');
insert into SuatChieu values (N'SC00613', '15:00:00', '17:00:00', '2023-07-18', N'PH0003', 3, N'2D');
insert into SuatChieu values (N'SC00614', '17:15:00', '19:15:00', '2023-07-18', N'PH0003', 3, N'3D');
insert into SuatChieu values (N'SC00615', '19:30:00', '21:30:00', '2023-07-18', N'PH0003', 3, N'4DX');
insert into SuatChieu values (N'SC00616', '21:45:00', '23:45:00', '2023-07-18', N'PH0003', 3, N'2D');
insert into SuatChieu values (N'SC00617', '08:15:00', '10:15:00', '2023-07-18', N'PH0004', 4, N'2D');
insert into SuatChieu values (N'SC00618', '10:30:00', '12:30:00', '2023-07-18', N'PH0004', 4, N'3D');
insert into SuatChieu values (N'SC00619', '12:45:00', '14:45:00', '2023-07-18', N'PH0004', 4, N'IMAX');
insert into SuatChieu values (N'SC00620', '15:00:00', '17:00:00', '2023-07-18', N'PH0004', 4, N'2D');
insert into SuatChieu values (N'SC00621', '17:15:00', '19:15:00', '2023-07-18', N'PH0004', 4, N'3D');
insert into SuatChieu values (N'SC00622', '19:30:00', '21:30:00', '2023-07-18', N'PH0004', 4, N'4DX');
insert into SuatChieu values (N'SC00623', '21:45:00', '23:45:00', '2023-07-18', N'PH0004', 4, N'2D');
insert into SuatChieu values (N'SC00624', '08:15:00', '10:15:00', '2023-07-18', N'PH0005', 5, N'2D');
insert into SuatChieu values (N'SC00625', '10:30:00', '12:30:00', '2023-07-18', N'PH0005', 5, N'3D');
insert into SuatChieu values (N'SC00626', '12:45:00', '14:45:00', '2023-07-18', N'PH0005', 5, N'IMAX');
insert into SuatChieu values (N'SC00627', '15:00:00', '17:00:00', '2023-07-18', N'PH0005', 5, N'2D');
insert into SuatChieu values (N'SC00628', '17:15:00', '19:15:00', '2023-07-18', N'PH0005', 5, N'3D');
insert into SuatChieu values (N'SC00629', '19:30:00', '21:30:00', '2023-07-18', N'PH0005', 5, N'4DX');
insert into SuatChieu values (N'SC00630', '21:45:00', '23:45:00', '2023-07-18', N'PH0005', 5, N'2D');
insert into SuatChieu values (N'SC00631', '08:15:00', '10:15:00', '2023-07-19', N'PH0001', 1, N'2D');
insert into SuatChieu values (N'SC00632', '10:30:00', '12:30:00', '2023-07-19', N'PH0001', 1, N'3D');
insert into SuatChieu values (N'SC00633', '12:45:00', '14:45:00', '2023-07-19', N'PH0001', 1, N'IMAX');
insert into SuatChieu values (N'SC00634', '15:00:00', '17:00:00', '2023-07-19', N'PH0001', 1, N'2D');
insert into SuatChieu values (N'SC00635', '17:15:00', '19:15:00', '2023-07-19', N'PH0001', 1, N'3D');
insert into SuatChieu values (N'SC00636', '19:30:00', '21:30:00', '2023-07-19', N'PH0001', 1, N'4DX');
insert into SuatChieu values (N'SC00637', '21:45:00', '23:45:00', '2023-07-19', N'PH0001', 1, N'2D');
insert into SuatChieu values (N'SC00638', '08:15:00', '10:15:00', '2023-07-19', N'PH0002', 2, N'2D');
insert into SuatChieu values (N'SC00639', '10:30:00', '12:30:00', '2023-07-19', N'PH0002', 2, N'3D');
insert into SuatChieu values (N'SC00640', '12:45:00', '14:45:00', '2023-07-19', N'PH0002', 2, N'IMAX');
insert into SuatChieu values (N'SC00641', '15:00:00', '17:00:00', '2023-07-19', N'PH0002', 2, N'2D');
insert into SuatChieu values (N'SC00642', '17:15:00', '19:15:00', '2023-07-19', N'PH0002', 2, N'3D');
insert into SuatChieu values (N'SC00643', '19:30:00', '21:30:00', '2023-07-19', N'PH0002', 2, N'4DX');
insert into SuatChieu values (N'SC00644', '21:45:00', '23:45:00', '2023-07-19', N'PH0002', 2, N'2D');
insert into SuatChieu values (N'SC00645', '08:15:00', '10:15:00', '2023-07-19', N'PH0003', 3, N'2D');
insert into SuatChieu values (N'SC00646', '10:30:00', '12:30:00', '2023-07-19', N'PH0003', 3, N'3D');
insert into SuatChieu values (N'SC00647', '12:45:00', '14:45:00', '2023-07-19', N'PH0003', 3, N'IMAX');
insert into SuatChieu values (N'SC00648', '15:00:00', '17:00:00', '2023-07-19', N'PH0003', 3, N'2D');
insert into SuatChieu values (N'SC00649', '17:15:00', '19:15:00', '2023-07-19', N'PH0003', 3, N'3D');
insert into SuatChieu values (N'SC00650', '19:30:00', '21:30:00', '2023-07-19', N'PH0003', 3, N'4DX');
insert into SuatChieu values (N'SC00651', '21:45:00', '23:45:00', '2023-07-19', N'PH0003', 3, N'2D');
insert into SuatChieu values (N'SC00652', '08:15:00', '10:15:00', '2023-07-19', N'PH0004', 4, N'2D');
insert into SuatChieu values (N'SC00653', '10:30:00', '12:30:00', '2023-07-19', N'PH0004', 4, N'3D');
insert into SuatChieu values (N'SC00654', '12:45:00', '14:45:00', '2023-07-19', N'PH0004', 4, N'IMAX');
insert into SuatChieu values (N'SC00655', '15:00:00', '17:00:00', '2023-07-19', N'PH0004', 4, N'2D');
insert into SuatChieu values (N'SC00656', '17:15:00', '19:15:00', '2023-07-19', N'PH0004', 4, N'3D');
insert into SuatChieu values (N'SC00657', '19:30:00', '21:30:00', '2023-07-19', N'PH0004', 4, N'4DX');
insert into SuatChieu values (N'SC00658', '21:45:00', '23:45:00', '2023-07-19', N'PH0004', 4, N'2D');
insert into SuatChieu values (N'SC00659', '08:15:00', '10:15:00', '2023-07-19', N'PH0005', 5, N'2D');
insert into SuatChieu values (N'SC00660', '10:30:00', '12:30:00', '2023-07-19', N'PH0005', 5, N'3D');
insert into SuatChieu values (N'SC00661', '12:45:00', '14:45:00', '2023-07-19', N'PH0005', 5, N'IMAX');
insert into SuatChieu values (N'SC00662', '15:00:00', '17:00:00', '2023-07-19', N'PH0005', 5, N'2D');
insert into SuatChieu values (N'SC00663', '17:15:00', '19:15:00', '2023-07-19', N'PH0005', 5, N'3D');
insert into SuatChieu values (N'SC00664', '19:30:00', '21:30:00', '2023-07-19', N'PH0005', 5, N'4DX');
insert into SuatChieu values (N'SC00665', '21:45:00', '23:45:00', '2023-07-19', N'PH0005', 5, N'2D');
insert into SuatChieu values (N'SC00666', '08:15:00', '10:15:00', '2023-07-20', N'PH0001', 1, N'2D');
insert into SuatChieu values (N'SC00667', '10:30:00', '12:30:00', '2023-07-20', N'PH0001', 1, N'3D');
insert into SuatChieu values (N'SC00668', '12:45:00', '14:45:00', '2023-07-20', N'PH0001', 1, N'IMAX');
insert into SuatChieu values (N'SC00669', '15:00:00', '17:00:00', '2023-07-20', N'PH0001', 1, N'2D');
insert into SuatChieu values (N'SC00670', '17:15:00', '19:15:00', '2023-07-20', N'PH0001', 1, N'3D');
insert into SuatChieu values (N'SC00671', '19:30:00', '21:30:00', '2023-07-20', N'PH0001', 1, N'4DX');
insert into SuatChieu values (N'SC00672', '21:45:00', '23:45:00', '2023-07-20', N'PH0001', 1, N'2D');
insert into SuatChieu values (N'SC00673', '08:15:00', '10:15:00', '2023-07-20', N'PH0002', 2, N'2D');
insert into SuatChieu values (N'SC00674', '10:30:00', '12:30:00', '2023-07-20', N'PH0002', 2, N'3D');
insert into SuatChieu values (N'SC00675', '12:45:00', '14:45:00', '2023-07-20', N'PH0002', 2, N'IMAX');
insert into SuatChieu values (N'SC00676', '15:00:00', '17:00:00', '2023-07-20', N'PH0002', 2, N'2D');
insert into SuatChieu values (N'SC00677', '17:15:00', '19:15:00', '2023-07-20', N'PH0002', 2, N'3D');
insert into SuatChieu values (N'SC00678', '19:30:00', '21:30:00', '2023-07-20', N'PH0002', 2, N'4DX');
insert into SuatChieu values (N'SC00679', '21:45:00', '23:45:00', '2023-07-20', N'PH0002', 2, N'2D');
insert into SuatChieu values (N'SC00680', '08:15:00', '10:15:00', '2023-07-20', N'PH0003', 3, N'2D');
insert into SuatChieu values (N'SC00681', '10:30:00', '12:30:00', '2023-07-20', N'PH0003', 3, N'3D');
insert into SuatChieu values (N'SC00682', '12:45:00', '14:45:00', '2023-07-20', N'PH0003', 3, N'IMAX');
insert into SuatChieu values (N'SC00683', '15:00:00', '17:00:00', '2023-07-20', N'PH0003', 3, N'2D');
insert into SuatChieu values (N'SC00684', '17:15:00', '19:15:00', '2023-07-20', N'PH0003', 3, N'3D');
insert into SuatChieu values (N'SC00685', '19:30:00', '21:30:00', '2023-07-20', N'PH0003', 3, N'4DX');
insert into SuatChieu values (N'SC00686', '21:45:00', '23:45:00', '2023-07-20', N'PH0003', 3, N'2D');
insert into SuatChieu values (N'SC00687', '08:15:00', '10:15:00', '2023-07-20', N'PH0004', 4, N'2D');
insert into SuatChieu values (N'SC00688', '10:30:00', '12:30:00', '2023-07-20', N'PH0004', 4, N'3D');
insert into SuatChieu values (N'SC00689', '12:45:00', '14:45:00', '2023-07-20', N'PH0004', 4, N'IMAX');
insert into SuatChieu values (N'SC00690', '15:00:00', '17:00:00', '2023-07-20', N'PH0004', 4, N'2D');
insert into SuatChieu values (N'SC00691', '17:15:00', '19:15:00', '2023-07-20', N'PH0004', 4, N'3D');
insert into SuatChieu values (N'SC00692', '19:30:00', '21:30:00', '2023-07-20', N'PH0004', 4, N'4DX');
insert into SuatChieu values (N'SC00693', '21:45:00', '23:45:00', '2023-07-20', N'PH0004', 4, N'2D');
insert into SuatChieu values (N'SC00694', '08:15:00', '10:15:00', '2023-07-20', N'PH0005', 5, N'2D');
insert into SuatChieu values (N'SC00695', '10:30:00', '12:30:00', '2023-07-20', N'PH0005', 5, N'3D');
insert into SuatChieu values (N'SC00696', '12:45:00', '14:45:00', '2023-07-20', N'PH0005', 5, N'IMAX');
insert into SuatChieu values (N'SC00697', '15:00:00', '17:00:00', '2023-07-20', N'PH0005', 5, N'2D');
insert into SuatChieu values (N'SC00698', '17:15:00', '19:15:00', '2023-07-20', N'PH0005', 5, N'3D');
insert into SuatChieu values (N'SC00699', '19:30:00', '21:30:00', '2023-07-20', N'PH0005', 5, N'4DX');
insert into SuatChieu values (N'SC00700', '21:45:00', '23:45:00', '2023-07-20', N'PH0005', 5, N'2D');
insert into SuatChieu values (N'SC00701', '08:15:00', '10:15:00', '2023-07-21', N'PH0001', 1, N'2D');
insert into SuatChieu values (N'SC00702', '10:30:00', '12:30:00', '2023-07-21', N'PH0001', 1, N'3D');
insert into SuatChieu values (N'SC00703', '12:45:00', '14:45:00', '2023-07-21', N'PH0001', 1, N'IMAX');
insert into SuatChieu values (N'SC00704', '15:00:00', '17:00:00', '2023-07-21', N'PH0001', 1, N'2D');
insert into SuatChieu values (N'SC00705', '17:15:00', '19:15:00', '2023-07-21', N'PH0001', 1, N'3D');
insert into SuatChieu values (N'SC00706', '19:30:00', '21:30:00', '2023-07-21', N'PH0001', 1, N'4DX');
insert into SuatChieu values (N'SC00707', '21:45:00', '23:45:00', '2023-07-21', N'PH0001', 1, N'2D');
insert into SuatChieu values (N'SC00708', '08:15:00', '10:15:00', '2023-07-21', N'PH0002', 2, N'2D');
insert into SuatChieu values (N'SC00709', '10:30:00', '12:30:00', '2023-07-21', N'PH0002', 2, N'3D');
insert into SuatChieu values (N'SC00710', '12:45:00', '14:45:00', '2023-07-21', N'PH0002', 2, N'IMAX');
insert into SuatChieu values (N'SC00711', '15:00:00', '17:00:00', '2023-07-21', N'PH0002', 2, N'2D');
insert into SuatChieu values (N'SC00712', '17:15:00', '19:15:00', '2023-07-21', N'PH0002', 2, N'3D');
insert into SuatChieu values (N'SC00713', '19:30:00', '21:30:00', '2023-07-21', N'PH0002', 2, N'4DX');
insert into SuatChieu values (N'SC00714', '21:45:00', '23:45:00', '2023-07-21', N'PH0002', 2, N'2D');
insert into SuatChieu values (N'SC00715', '08:15:00', '10:15:00', '2023-07-21', N'PH0003', 3, N'2D');
insert into SuatChieu values (N'SC00716', '10:30:00', '12:30:00', '2023-07-21', N'PH0003', 3, N'3D');
insert into SuatChieu values (N'SC00717', '12:45:00', '14:45:00', '2023-07-21', N'PH0003', 3, N'IMAX');
insert into SuatChieu values (N'SC00718', '15:00:00', '17:00:00', '2023-07-21', N'PH0003', 3, N'2D');
insert into SuatChieu values (N'SC00719', '17:15:00', '19:15:00', '2023-07-21', N'PH0003', 3, N'3D');
insert into SuatChieu values (N'SC00720', '19:30:00', '21:30:00', '2023-07-21', N'PH0003', 3, N'4DX');
insert into SuatChieu values (N'SC00721', '21:45:00', '23:45:00', '2023-07-21', N'PH0003', 3, N'2D');
insert into SuatChieu values (N'SC00722', '08:15:00', '10:15:00', '2023-07-21', N'PH0004', 4, N'2D');
insert into SuatChieu values (N'SC00723', '10:30:00', '12:30:00', '2023-07-21', N'PH0004', 4, N'3D');
insert into SuatChieu values (N'SC00724', '12:45:00', '14:45:00', '2023-07-21', N'PH0004', 4, N'IMAX');
insert into SuatChieu values (N'SC00725', '15:00:00', '17:00:00', '2023-07-21', N'PH0004', 4, N'2D');
insert into SuatChieu values (N'SC00726', '17:15:00', '19:15:00', '2023-07-21', N'PH0004', 4, N'3D');
insert into SuatChieu values (N'SC00727', '19:30:00', '21:30:00', '2023-07-21', N'PH0004', 4, N'4DX');
insert into SuatChieu values (N'SC00728', '21:45:00', '23:45:00', '2023-07-21', N'PH0004', 4, N'2D');
insert into SuatChieu values (N'SC00729', '08:15:00', '10:15:00', '2023-07-21', N'PH0005', 5, N'2D');
insert into SuatChieu values (N'SC00730', '10:30:00', '12:30:00', '2023-07-21', N'PH0005', 5, N'3D');
insert into SuatChieu values (N'SC00731', '12:45:00', '14:45:00', '2023-07-21', N'PH0005', 5, N'IMAX');
insert into SuatChieu values (N'SC00732', '15:00:00', '17:00:00', '2023-07-21', N'PH0005', 5, N'2D');
insert into SuatChieu values (N'SC00733', '17:15:00', '19:15:00', '2023-07-21', N'PH0005', 5, N'3D');
insert into SuatChieu values (N'SC00734', '19:30:00', '21:30:00', '2023-07-21', N'PH0005', 5, N'4DX');
insert into SuatChieu values (N'SC00735', '21:45:00', '23:45:00', '2023-07-21', N'PH0005', 5, N'2D');
insert into SuatChieu values (N'SC00736', '08:15:00', '10:15:00', '2023-07-22', N'PH0001', 1, N'2D');
insert into SuatChieu values (N'SC00737', '10:30:00', '12:30:00', '2023-07-22', N'PH0001', 1, N'3D');
insert into SuatChieu values (N'SC00738', '12:45:00', '14:45:00', '2023-07-22', N'PH0001', 1, N'IMAX');
insert into SuatChieu values (N'SC00739', '15:00:00', '17:00:00', '2023-07-22', N'PH0001', 1, N'2D');
insert into SuatChieu values (N'SC00740', '17:15:00', '19:15:00', '2023-07-22', N'PH0001', 1, N'3D');
insert into SuatChieu values (N'SC00741', '19:30:00', '21:30:00', '2023-07-22', N'PH0001', 1, N'4DX');
insert into SuatChieu values (N'SC00742', '21:45:00', '23:45:00', '2023-07-22', N'PH0001', 1, N'2D');
insert into SuatChieu values (N'SC00743', '08:15:00', '10:15:00', '2023-07-22', N'PH0002', 2, N'2D');
insert into SuatChieu values (N'SC00744', '10:30:00', '12:30:00', '2023-07-22', N'PH0002', 2, N'3D');
insert into SuatChieu values (N'SC00745', '12:45:00', '14:45:00', '2023-07-22', N'PH0002', 2, N'IMAX');
insert into SuatChieu values (N'SC00746', '15:00:00', '17:00:00', '2023-07-22', N'PH0002', 2, N'2D');
insert into SuatChieu values (N'SC00747', '17:15:00', '19:15:00', '2023-07-22', N'PH0002', 2, N'3D');
insert into SuatChieu values (N'SC00748', '19:30:00', '21:30:00', '2023-07-22', N'PH0002', 2, N'4DX');
insert into SuatChieu values (N'SC00749', '21:45:00', '23:45:00', '2023-07-22', N'PH0002', 2, N'2D');
insert into SuatChieu values (N'SC00750', '08:15:00', '10:15:00', '2023-07-22', N'PH0003', 3, N'2D');
insert into SuatChieu values (N'SC00751', '10:30:00', '12:30:00', '2023-07-22', N'PH0003', 3, N'3D');
insert into SuatChieu values (N'SC00752', '12:45:00', '14:45:00', '2023-07-22', N'PH0003', 3, N'IMAX');
insert into SuatChieu values (N'SC00753', '15:00:00', '17:00:00', '2023-07-22', N'PH0003', 3, N'2D');
insert into SuatChieu values (N'SC00754', '17:15:00', '19:15:00', '2023-07-22', N'PH0003', 3, N'3D');
insert into SuatChieu values (N'SC00755', '19:30:00', '21:30:00', '2023-07-22', N'PH0003', 3, N'4DX');
insert into SuatChieu values (N'SC00756', '21:45:00', '23:45:00', '2023-07-22', N'PH0003', 3, N'2D');
insert into SuatChieu values (N'SC00757', '08:15:00', '10:15:00', '2023-07-22', N'PH0004', 4, N'2D');
insert into SuatChieu values (N'SC00758', '10:30:00', '12:30:00', '2023-07-22', N'PH0004', 4, N'3D');
insert into SuatChieu values (N'SC00759', '12:45:00', '14:45:00', '2023-07-22', N'PH0004', 4, N'IMAX');
insert into SuatChieu values (N'SC00760', '15:00:00', '17:00:00', '2023-07-22', N'PH0004', 4, N'2D');
insert into SuatChieu values (N'SC00761', '17:15:00', '19:15:00', '2023-07-22', N'PH0004', 4, N'3D');
insert into SuatChieu values (N'SC00762', '19:30:00', '21:30:00', '2023-07-22', N'PH0004', 4, N'4DX');
insert into SuatChieu values (N'SC00763', '21:45:00', '23:45:00', '2023-07-22', N'PH0004', 4, N'2D');
insert into SuatChieu values (N'SC00764', '08:15:00', '10:15:00', '2023-07-22', N'PH0005', 5, N'2D');
insert into SuatChieu values (N'SC00765', '10:30:00', '12:30:00', '2023-07-22', N'PH0005', 5, N'3D');
insert into SuatChieu values (N'SC00766', '12:45:00', '14:45:00', '2023-07-22', N'PH0005', 5, N'IMAX');
insert into SuatChieu values (N'SC00767', '15:00:00', '17:00:00', '2023-07-22', N'PH0005', 5, N'2D');
insert into SuatChieu values (N'SC00768', '17:15:00', '19:15:00', '2023-07-22', N'PH0005', 5, N'3D');
insert into SuatChieu values (N'SC00769', '19:30:00', '21:30:00', '2023-07-22', N'PH0005', 5, N'4DX');
insert into SuatChieu values (N'SC00770', '21:45:00', '23:45:00', '2023-07-22', N'PH0005', 5, N'2D');
insert into SuatChieu values (N'SC00771', '08:15:00', '10:15:00', '2023-07-23', N'PH0001', 1, N'2D');
insert into SuatChieu values (N'SC00772', '10:30:00', '12:30:00', '2023-07-23', N'PH0001', 1, N'3D');
insert into SuatChieu values (N'SC00773', '12:45:00', '14:45:00', '2023-07-23', N'PH0001', 1, N'IMAX');
insert into SuatChieu values (N'SC00774', '15:00:00', '17:00:00', '2023-07-23', N'PH0001', 1, N'2D');
insert into SuatChieu values (N'SC00775', '17:15:00', '19:15:00', '2023-07-23', N'PH0001', 1, N'3D');
insert into SuatChieu values (N'SC00776', '19:30:00', '21:30:00', '2023-07-23', N'PH0001', 1, N'4DX');
insert into SuatChieu values (N'SC00777', '21:45:00', '23:45:00', '2023-07-23', N'PH0001', 1, N'2D');
insert into SuatChieu values (N'SC00778', '08:15:00', '10:15:00', '2023-07-23', N'PH0002', 2, N'2D');
insert into SuatChieu values (N'SC00779', '10:30:00', '12:30:00', '2023-07-23', N'PH0002', 2, N'3D');
insert into SuatChieu values (N'SC00780', '12:45:00', '14:45:00', '2023-07-23', N'PH0002', 2, N'IMAX');
insert into SuatChieu values (N'SC00781', '15:00:00', '17:00:00', '2023-07-23', N'PH0002', 2, N'2D');
insert into SuatChieu values (N'SC00782', '17:15:00', '19:15:00', '2023-07-23', N'PH0002', 2, N'3D');
insert into SuatChieu values (N'SC00783', '19:30:00', '21:30:00', '2023-07-23', N'PH0002', 2, N'4DX');
insert into SuatChieu values (N'SC00784', '21:45:00', '23:45:00', '2023-07-23', N'PH0002', 2, N'2D');
insert into SuatChieu values (N'SC00785', '08:15:00', '10:15:00', '2023-07-23', N'PH0003', 3, N'2D');
insert into SuatChieu values (N'SC00786', '10:30:00', '12:30:00', '2023-07-23', N'PH0003', 3, N'3D');
insert into SuatChieu values (N'SC00787', '12:45:00', '14:45:00', '2023-07-23', N'PH0003', 3, N'IMAX');
insert into SuatChieu values (N'SC00788', '15:00:00', '17:00:00', '2023-07-23', N'PH0003', 3, N'2D');
insert into SuatChieu values (N'SC00789', '17:15:00', '19:15:00', '2023-07-23', N'PH0003', 3, N'3D');
insert into SuatChieu values (N'SC00790', '19:30:00', '21:30:00', '2023-07-23', N'PH0003', 3, N'4DX');
insert into SuatChieu values (N'SC00791', '21:45:00', '23:45:00', '2023-07-23', N'PH0003', 3, N'2D');
insert into SuatChieu values (N'SC00792', '08:15:00', '10:15:00', '2023-07-23', N'PH0004', 4, N'2D');
insert into SuatChieu values (N'SC00793', '10:30:00', '12:30:00', '2023-07-23', N'PH0004', 4, N'3D');
insert into SuatChieu values (N'SC00794', '12:45:00', '14:45:00', '2023-07-23', N'PH0004', 4, N'IMAX');
insert into SuatChieu values (N'SC00795', '15:00:00', '17:00:00', '2023-07-23', N'PH0004', 4, N'2D');
insert into SuatChieu values (N'SC00796', '17:15:00', '19:15:00', '2023-07-23', N'PH0004', 4, N'3D');
insert into SuatChieu values (N'SC00797', '19:30:00', '21:30:00', '2023-07-23', N'PH0004', 4, N'4DX');
insert into SuatChieu values (N'SC00798', '21:45:00', '23:45:00', '2023-07-23', N'PH0004', 4, N'2D');
insert into SuatChieu values (N'SC00799', '08:15:00', '10:15:00', '2023-07-23', N'PH0005', 5, N'2D');
insert into SuatChieu values (N'SC00800', '10:30:00', '12:30:00', '2023-07-23', N'PH0005', 5, N'3D');
insert into SuatChieu values (N'SC00801', '12:45:00', '14:45:00', '2023-07-23', N'PH0005', 5, N'IMAX');
insert into SuatChieu values (N'SC00802', '15:00:00', '17:00:00', '2023-07-23', N'PH0005', 5, N'2D');
insert into SuatChieu values (N'SC00803', '17:15:00', '19:15:00', '2023-07-23', N'PH0005', 5, N'3D');
insert into SuatChieu values (N'SC00804', '19:30:00', '21:30:00', '2023-07-23', N'PH0005', 5, N'4DX');
insert into SuatChieu values (N'SC00805', '21:45:00', '23:45:00', '2023-07-23', N'PH0005', 5, N'2D');
insert into SuatChieu values (N'SC00806', '08:15:00', '10:15:00', '2023-07-24', N'PH0001', 1, N'2D');
insert into SuatChieu values (N'SC00807', '10:30:00', '12:30:00', '2023-07-24', N'PH0001', 1, N'3D');
insert into SuatChieu values (N'SC00808', '12:45:00', '14:45:00', '2023-07-24', N'PH0001', 1, N'IMAX');
insert into SuatChieu values (N'SC00809', '15:00:00', '17:00:00', '2023-07-24', N'PH0001', 1, N'2D');
insert into SuatChieu values (N'SC00810', '17:15:00', '19:15:00', '2023-07-24', N'PH0001', 1, N'3D');
insert into SuatChieu values (N'SC00811', '19:30:00', '21:30:00', '2023-07-24', N'PH0001', 1, N'4DX');
insert into SuatChieu values (N'SC00812', '21:45:00', '23:45:00', '2023-07-24', N'PH0001', 1, N'2D');
insert into SuatChieu values (N'SC00813', '08:15:00', '10:15:00', '2023-07-24', N'PH0002', 2, N'2D');
insert into SuatChieu values (N'SC00814', '10:30:00', '12:30:00', '2023-07-24', N'PH0002', 2, N'3D');
insert into SuatChieu values (N'SC00815', '12:45:00', '14:45:00', '2023-07-24', N'PH0002', 2, N'IMAX');
insert into SuatChieu values (N'SC00816', '15:00:00', '17:00:00', '2023-07-24', N'PH0002', 2, N'2D');
insert into SuatChieu values (N'SC00817', '17:15:00', '19:15:00', '2023-07-24', N'PH0002', 2, N'3D');
insert into SuatChieu values (N'SC00818', '19:30:00', '21:30:00', '2023-07-24', N'PH0002', 2, N'4DX');
insert into SuatChieu values (N'SC00819', '21:45:00', '23:45:00', '2023-07-24', N'PH0002', 2, N'2D');
insert into SuatChieu values (N'SC00820', '08:15:00', '10:15:00', '2023-07-24', N'PH0003', 3, N'2D');
insert into SuatChieu values (N'SC00821', '10:30:00', '12:30:00', '2023-07-24', N'PH0003', 3, N'3D');
insert into SuatChieu values (N'SC00822', '12:45:00', '14:45:00', '2023-07-24', N'PH0003', 3, N'IMAX');
insert into SuatChieu values (N'SC00823', '15:00:00', '17:00:00', '2023-07-24', N'PH0003', 3, N'2D');
insert into SuatChieu values (N'SC00824', '17:15:00', '19:15:00', '2023-07-24', N'PH0003', 3, N'3D');
insert into SuatChieu values (N'SC00825', '19:30:00', '21:30:00', '2023-07-24', N'PH0003', 3, N'4DX');
insert into SuatChieu values (N'SC00826', '21:45:00', '23:45:00', '2023-07-24', N'PH0003', 3, N'2D');
insert into SuatChieu values (N'SC00827', '08:15:00', '10:15:00', '2023-07-24', N'PH0004', 4, N'2D');
insert into SuatChieu values (N'SC00828', '10:30:00', '12:30:00', '2023-07-24', N'PH0004', 4, N'3D');
insert into SuatChieu values (N'SC00829', '12:45:00', '14:45:00', '2023-07-24', N'PH0004', 4, N'IMAX');
insert into SuatChieu values (N'SC00830', '15:00:00', '17:00:00', '2023-07-24', N'PH0004', 4, N'2D');
insert into SuatChieu values (N'SC00831', '17:15:00', '19:15:00', '2023-07-24', N'PH0004', 4, N'3D');
insert into SuatChieu values (N'SC00832', '19:30:00', '21:30:00', '2023-07-24', N'PH0004', 4, N'4DX');
insert into SuatChieu values (N'SC00833', '21:45:00', '23:45:00', '2023-07-24', N'PH0004', 4, N'2D');
insert into SuatChieu values (N'SC00834', '08:15:00', '10:15:00', '2023-07-24', N'PH0005', 5, N'2D');
insert into SuatChieu values (N'SC00835', '10:30:00', '12:30:00', '2023-07-24', N'PH0005', 5, N'3D');
insert into SuatChieu values (N'SC00836', '12:45:00', '14:45:00', '2023-07-24', N'PH0005', 5, N'IMAX');
insert into SuatChieu values (N'SC00837', '15:00:00', '17:00:00', '2023-07-24', N'PH0005', 5, N'2D');
insert into SuatChieu values (N'SC00838', '17:15:00', '19:15:00', '2023-07-24', N'PH0005', 5, N'3D');
insert into SuatChieu values (N'SC00839', '19:30:00', '21:30:00', '2023-07-24', N'PH0005', 5, N'4DX');
insert into SuatChieu values (N'SC00840', '21:45:00', '23:45:00', '2023-07-24', N'PH0005', 5, N'2D');
insert into SuatChieu values (N'SC00841', '08:15:00', '10:15:00', '2023-07-25', N'PH0001', 1, N'2D');
insert into SuatChieu values (N'SC00842', '10:30:00', '12:30:00', '2023-07-25', N'PH0001', 1, N'3D');
insert into SuatChieu values (N'SC00843', '12:45:00', '14:45:00', '2023-07-25', N'PH0001', 1, N'IMAX');
insert into SuatChieu values (N'SC00844', '15:00:00', '17:00:00', '2023-07-25', N'PH0001', 1, N'2D');
insert into SuatChieu values (N'SC00845', '17:15:00', '19:15:00', '2023-07-25', N'PH0001', 1, N'3D');
insert into SuatChieu values (N'SC00846', '19:30:00', '21:30:00', '2023-07-25', N'PH0001', 1, N'4DX');
insert into SuatChieu values (N'SC00847', '21:45:00', '23:45:00', '2023-07-25', N'PH0001', 1, N'2D');
insert into SuatChieu values (N'SC00848', '08:15:00', '10:15:00', '2023-07-25', N'PH0002', 2, N'2D');
insert into SuatChieu values (N'SC00849', '10:30:00', '12:30:00', '2023-07-25', N'PH0002', 2, N'3D');
insert into SuatChieu values (N'SC00850', '12:45:00', '14:45:00', '2023-07-25', N'PH0002', 2, N'IMAX');
insert into SuatChieu values (N'SC00851', '15:00:00', '17:00:00', '2023-07-25', N'PH0002', 2, N'2D');
insert into SuatChieu values (N'SC00852', '17:15:00', '19:15:00', '2023-07-25', N'PH0002', 2, N'3D');
insert into SuatChieu values (N'SC00853', '19:30:00', '21:30:00', '2023-07-25', N'PH0002', 2, N'4DX');
insert into SuatChieu values (N'SC00854', '21:45:00', '23:45:00', '2023-07-25', N'PH0002', 2, N'2D');
insert into SuatChieu values (N'SC00855', '08:15:00', '10:15:00', '2023-07-25', N'PH0003', 3, N'2D');
insert into SuatChieu values (N'SC00856', '10:30:00', '12:30:00', '2023-07-25', N'PH0003', 3, N'3D');
insert into SuatChieu values (N'SC00857', '12:45:00', '14:45:00', '2023-07-25', N'PH0003', 3, N'IMAX');
insert into SuatChieu values (N'SC00858', '15:00:00', '17:00:00', '2023-07-25', N'PH0003', 3, N'2D');
insert into SuatChieu values (N'SC00859', '17:15:00', '19:15:00', '2023-07-25', N'PH0003', 3, N'3D');
insert into SuatChieu values (N'SC00860', '19:30:00', '21:30:00', '2023-07-25', N'PH0003', 3, N'4DX');
insert into SuatChieu values (N'SC00861', '21:45:00', '23:45:00', '2023-07-25', N'PH0003', 3, N'2D');
insert into SuatChieu values (N'SC00862', '08:15:00', '10:15:00', '2023-07-25', N'PH0004', 4, N'2D');
insert into SuatChieu values (N'SC00863', '10:30:00', '12:30:00', '2023-07-25', N'PH0004', 4, N'3D');
insert into SuatChieu values (N'SC00864', '12:45:00', '14:45:00', '2023-07-25', N'PH0004', 4, N'IMAX');
insert into SuatChieu values (N'SC00865', '15:00:00', '17:00:00', '2023-07-25', N'PH0004', 4, N'2D');
insert into SuatChieu values (N'SC00866', '17:15:00', '19:15:00', '2023-07-25', N'PH0004', 4, N'3D');
insert into SuatChieu values (N'SC00867', '19:30:00', '21:30:00', '2023-07-25', N'PH0004', 4, N'4DX');
insert into SuatChieu values (N'SC00868', '21:45:00', '23:45:00', '2023-07-25', N'PH0004', 4, N'2D');
insert into SuatChieu values (N'SC00869', '08:15:00', '10:15:00', '2023-07-25', N'PH0005', 5, N'2D');
insert into SuatChieu values (N'SC00870', '10:30:00', '12:30:00', '2023-07-25', N'PH0005', 5, N'3D');
insert into SuatChieu values (N'SC00871', '12:45:00', '14:45:00', '2023-07-25', N'PH0005', 5, N'IMAX');
insert into SuatChieu values (N'SC00872', '15:00:00', '17:00:00', '2023-07-25', N'PH0005', 5, N'2D');
insert into SuatChieu values (N'SC00873', '17:15:00', '19:15:00', '2023-07-25', N'PH0005', 5, N'3D');
insert into SuatChieu values (N'SC00874', '19:30:00', '21:30:00', '2023-07-25', N'PH0005', 5, N'4DX');
insert into SuatChieu values (N'SC00875', '21:45:00', '23:45:00', '2023-07-25', N'PH0005', 5, N'2D');
insert into SuatChieu values (N'SC00876', '08:15:00', '10:15:00', '2023-07-26', N'PH0001', 1, N'2D');
insert into SuatChieu values (N'SC00877', '10:30:00', '12:30:00', '2023-07-26', N'PH0001', 1, N'3D');
insert into SuatChieu values (N'SC00878', '12:45:00', '14:45:00', '2023-07-26', N'PH0001', 1, N'IMAX');
insert into SuatChieu values (N'SC00879', '15:00:00', '17:00:00', '2023-07-26', N'PH0001', 1, N'2D');
insert into SuatChieu values (N'SC00880', '17:15:00', '19:15:00', '2023-07-26', N'PH0001', 1, N'3D');
insert into SuatChieu values (N'SC00881', '19:30:00', '21:30:00', '2023-07-26', N'PH0001', 1, N'4DX');
insert into SuatChieu values (N'SC00882', '21:45:00', '23:45:00', '2023-07-26', N'PH0001', 1, N'2D');
insert into SuatChieu values (N'SC00883', '08:15:00', '10:15:00', '2023-07-26', N'PH0002', 2, N'2D');
insert into SuatChieu values (N'SC00884', '10:30:00', '12:30:00', '2023-07-26', N'PH0002', 2, N'3D');
insert into SuatChieu values (N'SC00885', '12:45:00', '14:45:00', '2023-07-26', N'PH0002', 2, N'IMAX');
insert into SuatChieu values (N'SC00886', '15:00:00', '17:00:00', '2023-07-26', N'PH0002', 2, N'2D');
insert into SuatChieu values (N'SC00887', '17:15:00', '19:15:00', '2023-07-26', N'PH0002', 2, N'3D');
insert into SuatChieu values (N'SC00888', '19:30:00', '21:30:00', '2023-07-26', N'PH0002', 2, N'4DX');
insert into SuatChieu values (N'SC00889', '21:45:00', '23:45:00', '2023-07-26', N'PH0002', 2, N'2D');
insert into SuatChieu values (N'SC00890', '08:15:00', '10:15:00', '2023-07-26', N'PH0003', 3, N'2D');
insert into SuatChieu values (N'SC00891', '10:30:00', '12:30:00', '2023-07-26', N'PH0003', 3, N'3D');
insert into SuatChieu values (N'SC00892', '12:45:00', '14:45:00', '2023-07-26', N'PH0003', 3, N'IMAX');
insert into SuatChieu values (N'SC00893', '15:00:00', '17:00:00', '2023-07-26', N'PH0003', 3, N'2D');
insert into SuatChieu values (N'SC00894', '17:15:00', '19:15:00', '2023-07-26', N'PH0003', 3, N'3D');
insert into SuatChieu values (N'SC00895', '19:30:00', '21:30:00', '2023-07-26', N'PH0003', 3, N'4DX');
insert into SuatChieu values (N'SC00896', '21:45:00', '23:45:00', '2023-07-26', N'PH0003', 3, N'2D');
insert into SuatChieu values (N'SC00897', '08:15:00', '10:15:00', '2023-07-26', N'PH0004', 4, N'2D');
insert into SuatChieu values (N'SC00898', '10:30:00', '12:30:00', '2023-07-26', N'PH0004', 4, N'3D');
insert into SuatChieu values (N'SC00899', '12:45:00', '14:45:00', '2023-07-26', N'PH0004', 4, N'IMAX');
insert into SuatChieu values (N'SC00900', '15:00:00', '17:00:00', '2023-07-26', N'PH0004', 4, N'2D');
insert into SuatChieu values (N'SC00901', '17:15:00', '19:15:00', '2023-07-26', N'PH0004', 4, N'3D');
insert into SuatChieu values (N'SC00902', '19:30:00', '21:30:00', '2023-07-26', N'PH0004', 4, N'4DX');
insert into SuatChieu values (N'SC00903', '21:45:00', '23:45:00', '2023-07-26', N'PH0004', 4, N'2D');
insert into SuatChieu values (N'SC00904', '08:15:00', '10:15:00', '2023-07-26', N'PH0005', 5, N'2D');
insert into SuatChieu values (N'SC00905', '10:30:00', '12:30:00', '2023-07-26', N'PH0005', 5, N'3D');
insert into SuatChieu values (N'SC00906', '12:45:00', '14:45:00', '2023-07-26', N'PH0005', 5, N'IMAX');
insert into SuatChieu values (N'SC00907', '15:00:00', '17:00:00', '2023-07-26', N'PH0005', 5, N'2D');
insert into SuatChieu values (N'SC00908', '17:15:00', '19:15:00', '2023-07-26', N'PH0005', 5, N'3D');
insert into SuatChieu values (N'SC00909', '19:30:00', '21:30:00', '2023-07-26', N'PH0005', 5, N'4DX');
insert into SuatChieu values (N'SC00910', '21:45:00', '23:45:00', '2023-07-26', N'PH0005', 5, N'2D');
insert into SuatChieu values (N'SC00911', '08:15:00', '10:15:00', '2023-07-27', N'PH0001', 1, N'2D');
insert into SuatChieu values (N'SC00912', '10:30:00', '12:30:00', '2023-07-27', N'PH0001', 1, N'3D');
insert into SuatChieu values (N'SC00913', '12:45:00', '14:45:00', '2023-07-27', N'PH0001', 1, N'IMAX');
insert into SuatChieu values (N'SC00914', '15:00:00', '17:00:00', '2023-07-27', N'PH0001', 1, N'2D');
insert into SuatChieu values (N'SC00915', '17:15:00', '19:15:00', '2023-07-27', N'PH0001', 1, N'3D');
insert into SuatChieu values (N'SC00916', '19:30:00', '21:30:00', '2023-07-27', N'PH0001', 1, N'4DX');
insert into SuatChieu values (N'SC00917', '21:45:00', '23:45:00', '2023-07-27', N'PH0001', 1, N'2D');
insert into SuatChieu values (N'SC00918', '08:15:00', '10:15:00', '2023-07-27', N'PH0002', 2, N'2D');
insert into SuatChieu values (N'SC00919', '10:30:00', '12:30:00', '2023-07-27', N'PH0002', 2, N'3D');
insert into SuatChieu values (N'SC00920', '12:45:00', '14:45:00', '2023-07-27', N'PH0002', 2, N'IMAX');
insert into SuatChieu values (N'SC00921', '15:00:00', '17:00:00', '2023-07-27', N'PH0002', 2, N'2D');
insert into SuatChieu values (N'SC00922', '17:15:00', '19:15:00', '2023-07-27', N'PH0002', 2, N'3D');
insert into SuatChieu values (N'SC00923', '19:30:00', '21:30:00', '2023-07-27', N'PH0002', 2, N'4DX');
insert into SuatChieu values (N'SC00924', '21:45:00', '23:45:00', '2023-07-27', N'PH0002', 2, N'2D');
insert into SuatChieu values (N'SC00925', '08:15:00', '10:15:00', '2023-07-27', N'PH0003', 3, N'2D');
insert into SuatChieu values (N'SC00926', '10:30:00', '12:30:00', '2023-07-27', N'PH0003', 3, N'3D');
insert into SuatChieu values (N'SC00927', '12:45:00', '14:45:00', '2023-07-27', N'PH0003', 3, N'IMAX');
insert into SuatChieu values (N'SC00928', '15:00:00', '17:00:00', '2023-07-27', N'PH0003', 3, N'2D');
insert into SuatChieu values (N'SC00929', '17:15:00', '19:15:00', '2023-07-27', N'PH0003', 3, N'3D');
insert into SuatChieu values (N'SC00930', '19:30:00', '21:30:00', '2023-07-27', N'PH0003', 3, N'4DX');
insert into SuatChieu values (N'SC00931', '21:45:00', '23:45:00', '2023-07-27', N'PH0003', 3, N'2D');
insert into SuatChieu values (N'SC00932', '08:15:00', '10:15:00', '2023-07-27', N'PH0004', 4, N'2D');
insert into SuatChieu values (N'SC00933', '10:30:00', '12:30:00', '2023-07-27', N'PH0004', 4, N'3D');
insert into SuatChieu values (N'SC00934', '12:45:00', '14:45:00', '2023-07-27', N'PH0004', 4, N'IMAX');
insert into SuatChieu values (N'SC00935', '15:00:00', '17:00:00', '2023-07-27', N'PH0004', 4, N'2D');
insert into SuatChieu values (N'SC00936', '17:15:00', '19:15:00', '2023-07-27', N'PH0004', 4, N'3D');
insert into SuatChieu values (N'SC00937', '19:30:00', '21:30:00', '2023-07-27', N'PH0004', 4, N'4DX');
insert into SuatChieu values (N'SC00938', '21:45:00', '23:45:00', '2023-07-27', N'PH0004', 4, N'2D');
insert into SuatChieu values (N'SC00939', '08:15:00', '10:15:00', '2023-07-27', N'PH0005', 5, N'2D');
insert into SuatChieu values (N'SC00940', '10:30:00', '12:30:00', '2023-07-27', N'PH0005', 5, N'3D');
insert into SuatChieu values (N'SC00941', '12:45:00', '14:45:00', '2023-07-27', N'PH0005', 5, N'IMAX');
insert into SuatChieu values (N'SC00942', '15:00:00', '17:00:00', '2023-07-27', N'PH0005', 5, N'2D');
insert into SuatChieu values (N'SC00943', '17:15:00', '19:15:00', '2023-07-27', N'PH0005', 5, N'3D');
insert into SuatChieu values (N'SC00944', '19:30:00', '21:30:00', '2023-07-27', N'PH0005', 5, N'4DX');
insert into SuatChieu values (N'SC00945', '21:45:00', '23:45:00', '2023-07-27', N'PH0005', 5, N'2D');
insert into SuatChieu values (N'SC00946', '08:15:00', '10:15:00', '2023-07-28', N'PH0001', 1, N'2D');
insert into SuatChieu values (N'SC00947', '10:30:00', '12:30:00', '2023-07-28', N'PH0001', 1, N'3D');
insert into SuatChieu values (N'SC00948', '12:45:00', '14:45:00', '2023-07-28', N'PH0001', 1, N'IMAX');
insert into SuatChieu values (N'SC00949', '15:00:00', '17:00:00', '2023-07-28', N'PH0001', 1, N'2D');
insert into SuatChieu values (N'SC00950', '17:15:00', '19:15:00', '2023-07-28', N'PH0001', 1, N'3D');
insert into SuatChieu values (N'SC00951', '19:30:00', '21:30:00', '2023-07-28', N'PH0001', 1, N'4DX');
insert into SuatChieu values (N'SC00952', '21:45:00', '23:45:00', '2023-07-28', N'PH0001', 1, N'2D');
insert into SuatChieu values (N'SC00953', '08:15:00', '10:15:00', '2023-07-28', N'PH0002', 2, N'2D');
insert into SuatChieu values (N'SC00954', '10:30:00', '12:30:00', '2023-07-28', N'PH0002', 2, N'3D');
insert into SuatChieu values (N'SC00955', '12:45:00', '14:45:00', '2023-07-28', N'PH0002', 2, N'IMAX');
insert into SuatChieu values (N'SC00956', '15:00:00', '17:00:00', '2023-07-28', N'PH0002', 2, N'2D');
insert into SuatChieu values (N'SC00957', '17:15:00', '19:15:00', '2023-07-28', N'PH0002', 2, N'3D');
insert into SuatChieu values (N'SC00958', '19:30:00', '21:30:00', '2023-07-28', N'PH0002', 2, N'4DX');
insert into SuatChieu values (N'SC00959', '21:45:00', '23:45:00', '2023-07-28', N'PH0002', 2, N'2D');
insert into SuatChieu values (N'SC00960', '08:15:00', '10:15:00', '2023-07-28', N'PH0003', 3, N'2D');
insert into SuatChieu values (N'SC00961', '10:30:00', '12:30:00', '2023-07-28', N'PH0003', 3, N'3D');
insert into SuatChieu values (N'SC00962', '12:45:00', '14:45:00', '2023-07-28', N'PH0003', 3, N'IMAX');
insert into SuatChieu values (N'SC00963', '15:00:00', '17:00:00', '2023-07-28', N'PH0003', 3, N'2D');
insert into SuatChieu values (N'SC00964', '17:15:00', '19:15:00', '2023-07-28', N'PH0003', 3, N'3D');
insert into SuatChieu values (N'SC00965', '19:30:00', '21:30:00', '2023-07-28', N'PH0003', 3, N'4DX');
insert into SuatChieu values (N'SC00966', '21:45:00', '23:45:00', '2023-07-28', N'PH0003', 3, N'2D');
insert into SuatChieu values (N'SC00967', '08:15:00', '10:15:00', '2023-07-28', N'PH0004', 4, N'2D');
insert into SuatChieu values (N'SC00968', '10:30:00', '12:30:00', '2023-07-28', N'PH0004', 4, N'3D');
insert into SuatChieu values (N'SC00969', '12:45:00', '14:45:00', '2023-07-28', N'PH0004', 4, N'IMAX');
insert into SuatChieu values (N'SC00970', '15:00:00', '17:00:00', '2023-07-28', N'PH0004', 4, N'2D');
insert into SuatChieu values (N'SC00971', '17:15:00', '19:15:00', '2023-07-28', N'PH0004', 4, N'3D');
insert into SuatChieu values (N'SC00972', '19:30:00', '21:30:00', '2023-07-28', N'PH0004', 4, N'4DX');
insert into SuatChieu values (N'SC00973', '21:45:00', '23:45:00', '2023-07-28', N'PH0004', 4, N'2D');
insert into SuatChieu values (N'SC00974', '08:15:00', '10:15:00', '2023-07-28', N'PH0005', 5, N'2D');
insert into SuatChieu values (N'SC00975', '10:30:00', '12:30:00', '2023-07-28', N'PH0005', 5, N'3D');
insert into SuatChieu values (N'SC00976', '12:45:00', '14:45:00', '2023-07-28', N'PH0005', 5, N'IMAX');
insert into SuatChieu values (N'SC00977', '15:00:00', '17:00:00', '2023-07-28', N'PH0005', 5, N'2D');
insert into SuatChieu values (N'SC00978', '17:15:00', '19:15:00', '2023-07-28', N'PH0005', 5, N'3D');
insert into SuatChieu values (N'SC00979', '19:30:00', '21:30:00', '2023-07-28', N'PH0005', 5, N'4DX');
insert into SuatChieu values (N'SC00980', '21:45:00', '23:45:00', '2023-07-28', N'PH0005', 5, N'2D');
insert into SuatChieu values (N'SC00981', '08:15:00', '10:15:00', '2023-07-29', N'PH0001', 1, N'2D');
insert into SuatChieu values (N'SC00982', '10:30:00', '12:30:00', '2023-07-29', N'PH0001', 1, N'3D');
insert into SuatChieu values (N'SC00983', '12:45:00', '14:45:00', '2023-07-29', N'PH0001', 1, N'IMAX');
insert into SuatChieu values (N'SC00984', '15:00:00', '17:00:00', '2023-07-29', N'PH0001', 1, N'2D');
insert into SuatChieu values (N'SC00985', '17:15:00', '19:15:00', '2023-07-29', N'PH0001', 1, N'3D');
insert into SuatChieu values (N'SC00986', '19:30:00', '21:30:00', '2023-07-29', N'PH0001', 1, N'4DX');
insert into SuatChieu values (N'SC00987', '21:45:00', '23:45:00', '2023-07-29', N'PH0001', 1, N'2D');
insert into SuatChieu values (N'SC00988', '08:15:00', '10:15:00', '2023-07-29', N'PH0002', 2, N'2D');
insert into SuatChieu values (N'SC00989', '10:30:00', '12:30:00', '2023-07-29', N'PH0002', 2, N'3D');
insert into SuatChieu values (N'SC00990', '12:45:00', '14:45:00', '2023-07-29', N'PH0002', 2, N'IMAX');
insert into SuatChieu values (N'SC00991', '15:00:00', '17:00:00', '2023-07-29', N'PH0002', 2, N'2D');
insert into SuatChieu values (N'SC00992', '17:15:00', '19:15:00', '2023-07-29', N'PH0002', 2, N'3D');
insert into SuatChieu values (N'SC00993', '19:30:00', '21:30:00', '2023-07-29', N'PH0002', 2, N'4DX');
insert into SuatChieu values (N'SC00994', '21:45:00', '23:45:00', '2023-07-29', N'PH0002', 2, N'2D');
insert into SuatChieu values (N'SC00995', '08:15:00', '10:15:00', '2023-07-29', N'PH0003', 3, N'2D');
insert into SuatChieu values (N'SC00996', '10:30:00', '12:30:00', '2023-07-29', N'PH0003', 3, N'3D');
insert into SuatChieu values (N'SC00997', '12:45:00', '14:45:00', '2023-07-29', N'PH0003', 3, N'IMAX');
insert into SuatChieu values (N'SC00998', '15:00:00', '17:00:00', '2023-07-29', N'PH0003', 3, N'2D');
insert into SuatChieu values (N'SC00999', '17:15:00', '19:15:00', '2023-07-29', N'PH0003', 3, N'3D');
insert into SuatChieu values (N'SC01000', '19:30:00', '21:30:00', '2023-07-29', N'PH0003', 3, N'4DX');
insert into SuatChieu values (N'SC01001', '21:45:00', '23:45:00', '2023-07-29', N'PH0003', 3, N'2D');
insert into SuatChieu values (N'SC01002', '08:15:00', '10:15:00', '2023-07-29', N'PH0004', 4, N'2D');
insert into SuatChieu values (N'SC01003', '10:30:00', '12:30:00', '2023-07-29', N'PH0004', 4, N'3D');
insert into SuatChieu values (N'SC01004', '12:45:00', '14:45:00', '2023-07-29', N'PH0004', 4, N'IMAX');
insert into SuatChieu values (N'SC01005', '15:00:00', '17:00:00', '2023-07-29', N'PH0004', 4, N'2D');
insert into SuatChieu values (N'SC01006', '17:15:00', '19:15:00', '2023-07-29', N'PH0004', 4, N'3D');
insert into SuatChieu values (N'SC01007', '19:30:00', '21:30:00', '2023-07-29', N'PH0004', 4, N'4DX');
insert into SuatChieu values (N'SC01008', '21:45:00', '23:45:00', '2023-07-29', N'PH0004', 4, N'2D');
insert into SuatChieu values (N'SC01009', '08:15:00', '10:15:00', '2023-07-29', N'PH0005', 5, N'2D');
insert into SuatChieu values (N'SC01010', '10:30:00', '12:30:00', '2023-07-29', N'PH0005', 5, N'3D');
insert into SuatChieu values (N'SC01011', '12:45:00', '14:45:00', '2023-07-29', N'PH0005', 5, N'IMAX');
insert into SuatChieu values (N'SC01012', '15:00:00', '17:00:00', '2023-07-29', N'PH0005', 5, N'2D');
insert into SuatChieu values (N'SC01013', '17:15:00', '19:15:00', '2023-07-29', N'PH0005', 5, N'3D');
insert into SuatChieu values (N'SC01014', '19:30:00', '21:30:00', '2023-07-29', N'PH0005', 5, N'4DX');
insert into SuatChieu values (N'SC01015', '21:45:00', '23:45:00', '2023-07-29', N'PH0005', 5, N'2D');
insert into SuatChieu values (N'SC01016', '08:15:00', '10:15:00', '2023-07-30', N'PH0001', 1, N'2D');
insert into SuatChieu values (N'SC01017', '10:30:00', '12:30:00', '2023-07-30', N'PH0001', 1, N'3D');
insert into SuatChieu values (N'SC01018', '12:45:00', '14:45:00', '2023-07-30', N'PH0001', 1, N'IMAX');
insert into SuatChieu values (N'SC01019', '15:00:00', '17:00:00', '2023-07-30', N'PH0001', 1, N'2D');
insert into SuatChieu values (N'SC01020', '17:15:00', '19:15:00', '2023-07-30', N'PH0001', 1, N'3D');
insert into SuatChieu values (N'SC01021', '19:30:00', '21:30:00', '2023-07-30', N'PH0001', 1, N'4DX');
insert into SuatChieu values (N'SC01022', '21:45:00', '23:45:00', '2023-07-30', N'PH0001', 1, N'2D');
insert into SuatChieu values (N'SC01023', '08:15:00', '10:15:00', '2023-07-30', N'PH0002', 2, N'2D');
insert into SuatChieu values (N'SC01024', '10:30:00', '12:30:00', '2023-07-30', N'PH0002', 2, N'3D');
insert into SuatChieu values (N'SC01025', '12:45:00', '14:45:00', '2023-07-30', N'PH0002', 2, N'IMAX');
insert into SuatChieu values (N'SC01026', '15:00:00', '17:00:00', '2023-07-30', N'PH0002', 2, N'2D');
insert into SuatChieu values (N'SC01027', '17:15:00', '19:15:00', '2023-07-30', N'PH0002', 2, N'3D');
insert into SuatChieu values (N'SC01028', '19:30:00', '21:30:00', '2023-07-30', N'PH0002', 2, N'4DX');
insert into SuatChieu values (N'SC01029', '21:45:00', '23:45:00', '2023-07-30', N'PH0002', 2, N'2D');
insert into SuatChieu values (N'SC01030', '08:15:00', '10:15:00', '2023-07-30', N'PH0003', 3, N'2D');
insert into SuatChieu values (N'SC01031', '10:30:00', '12:30:00', '2023-07-30', N'PH0003', 3, N'3D');
insert into SuatChieu values (N'SC01032', '12:45:00', '14:45:00', '2023-07-30', N'PH0003', 3, N'IMAX');
insert into SuatChieu values (N'SC01033', '15:00:00', '17:00:00', '2023-07-30', N'PH0003', 3, N'2D');
insert into SuatChieu values (N'SC01034', '17:15:00', '19:15:00', '2023-07-30', N'PH0003', 3, N'3D');
insert into SuatChieu values (N'SC01035', '19:30:00', '21:30:00', '2023-07-30', N'PH0003', 3, N'4DX');
insert into SuatChieu values (N'SC01036', '21:45:00', '23:45:00', '2023-07-30', N'PH0003', 3, N'2D');
insert into SuatChieu values (N'SC01037', '08:15:00', '10:15:00', '2023-07-30', N'PH0004', 4, N'2D');
insert into SuatChieu values (N'SC01038', '10:30:00', '12:30:00', '2023-07-30', N'PH0004', 4, N'3D');
insert into SuatChieu values (N'SC01039', '12:45:00', '14:45:00', '2023-07-30', N'PH0004', 4, N'IMAX');
insert into SuatChieu values (N'SC01040', '15:00:00', '17:00:00', '2023-07-30', N'PH0004', 4, N'2D');
insert into SuatChieu values (N'SC01041', '17:15:00', '19:15:00', '2023-07-30', N'PH0004', 4, N'3D');
insert into SuatChieu values (N'SC01042', '19:30:00', '21:30:00', '2023-07-30', N'PH0004', 4, N'4DX');
insert into SuatChieu values (N'SC01043', '21:45:00', '23:45:00', '2023-07-30', N'PH0004', 4, N'2D');
insert into SuatChieu values (N'SC01044', '08:15:00', '10:15:00', '2023-07-30', N'PH0005', 5, N'2D');
insert into SuatChieu values (N'SC01045', '10:30:00', '12:30:00', '2023-07-30', N'PH0005', 5, N'3D');
insert into SuatChieu values (N'SC01046', '12:45:00', '14:45:00', '2023-07-30', N'PH0005', 5, N'IMAX');
insert into SuatChieu values (N'SC01047', '15:00:00', '17:00:00', '2023-07-30', N'PH0005', 5, N'2D');
insert into SuatChieu values (N'SC01048', '17:15:00', '19:15:00', '2023-07-30', N'PH0005', 5, N'3D');
insert into SuatChieu values (N'SC01049', '19:30:00', '21:30:00', '2023-07-30', N'PH0005', 5, N'4DX');
insert into SuatChieu values (N'SC01050', '21:45:00', '23:45:00', '2023-07-30', N'PH0005', 5, N'2D');
insert into SuatChieu values (N'SC01051', '08:15:00', '10:15:00', '2023-07-31', N'PH0001', 1, N'2D');
insert into SuatChieu values (N'SC01052', '10:30:00', '12:30:00', '2023-07-31', N'PH0001', 1, N'3D');
insert into SuatChieu values (N'SC01053', '12:45:00', '14:45:00', '2023-07-31', N'PH0001', 1, N'IMAX');
insert into SuatChieu values (N'SC01054', '15:00:00', '17:00:00', '2023-07-31', N'PH0001', 1, N'2D');
insert into SuatChieu values (N'SC01055', '17:15:00', '19:15:00', '2023-07-31', N'PH0001', 1, N'3D');
insert into SuatChieu values (N'SC01056', '19:30:00', '21:30:00', '2023-07-31', N'PH0001', 1, N'4DX');
insert into SuatChieu values (N'SC01057', '21:45:00', '23:45:00', '2023-07-31', N'PH0001', 1, N'2D');
insert into SuatChieu values (N'SC01058', '08:15:00', '10:15:00', '2023-07-31', N'PH0002', 2, N'2D');
insert into SuatChieu values (N'SC01059', '10:30:00', '12:30:00', '2023-07-31', N'PH0002', 2, N'3D');
insert into SuatChieu values (N'SC01060', '12:45:00', '14:45:00', '2023-07-31', N'PH0002', 2, N'IMAX');
insert into SuatChieu values (N'SC01061', '15:00:00', '17:00:00', '2023-07-31', N'PH0002', 2, N'2D');
insert into SuatChieu values (N'SC01062', '17:15:00', '19:15:00', '2023-07-31', N'PH0002', 2, N'3D');
insert into SuatChieu values (N'SC01063', '19:30:00', '21:30:00', '2023-07-31', N'PH0002', 2, N'4DX');
insert into SuatChieu values (N'SC01064', '21:45:00', '23:45:00', '2023-07-31', N'PH0002', 2, N'2D');
insert into SuatChieu values (N'SC01065', '08:15:00', '10:15:00', '2023-07-31', N'PH0003', 3, N'2D');
insert into SuatChieu values (N'SC01066', '10:30:00', '12:30:00', '2023-07-31', N'PH0003', 3, N'3D');
insert into SuatChieu values (N'SC01067', '12:45:00', '14:45:00', '2023-07-31', N'PH0003', 3, N'IMAX');
insert into SuatChieu values (N'SC01068', '15:00:00', '17:00:00', '2023-07-31', N'PH0003', 3, N'2D');
insert into SuatChieu values (N'SC01069', '17:15:00', '19:15:00', '2023-07-31', N'PH0003', 3, N'3D');
insert into SuatChieu values (N'SC01070', '19:30:00', '21:30:00', '2023-07-31', N'PH0003', 3, N'4DX');
insert into SuatChieu values (N'SC01071', '21:45:00', '23:45:00', '2023-07-31', N'PH0003', 3, N'2D');
insert into SuatChieu values (N'SC01072', '08:15:00', '10:15:00', '2023-07-31', N'PH0004', 4, N'2D');
insert into SuatChieu values (N'SC01073', '10:30:00', '12:30:00', '2023-07-31', N'PH0004', 4, N'3D');
insert into SuatChieu values (N'SC01074', '12:45:00', '14:45:00', '2023-07-31', N'PH0004', 4, N'IMAX');
insert into SuatChieu values (N'SC01075', '15:00:00', '17:00:00', '2023-07-31', N'PH0004', 4, N'2D');
insert into SuatChieu values (N'SC01076', '17:15:00', '19:15:00', '2023-07-31', N'PH0004', 4, N'3D');
insert into SuatChieu values (N'SC01077', '19:30:00', '21:30:00', '2023-07-31', N'PH0004', 4, N'4DX');
insert into SuatChieu values (N'SC01078', '21:45:00', '23:45:00', '2023-07-31', N'PH0004', 4, N'2D');
insert into SuatChieu values (N'SC01079', '08:15:00', '10:15:00', '2023-07-31', N'PH0005', 5, N'2D');
insert into SuatChieu values (N'SC01080', '10:30:00', '12:30:00', '2023-07-31', N'PH0005', 5, N'3D');
insert into SuatChieu values (N'SC01081', '12:45:00', '14:45:00', '2023-07-31', N'PH0005', 5, N'IMAX');
insert into SuatChieu values (N'SC01082', '15:00:00', '17:00:00', '2023-07-31', N'PH0005', 5, N'2D');
insert into SuatChieu values (N'SC01083', '17:15:00', '19:15:00', '2023-07-31', N'PH0005', 5, N'3D');
insert into SuatChieu values (N'SC01084', '19:30:00', '21:30:00', '2023-07-31', N'PH0005', 5, N'4DX');
insert into SuatChieu values (N'SC01085', '21:45:00', '23:45:00', '2023-07-31', N'PH0005', 5, N'2D');
-- Suất chiếu tháng 08
insert into SuatChieu values (N'SC01086', '08:15:00', '10:15:00', '2023-08-01', N'PH0006', 1, N'2D');
insert into SuatChieu values (N'SC01087', '10:30:00', '12:30:00', '2023-08-01', N'PH0006', 1, N'3D');
insert into SuatChieu values (N'SC01088', '12:45:00', '14:45:00', '2023-08-01', N'PH0006', 1, N'IMAX');
insert into SuatChieu values (N'SC01089', '15:00:00', '17:00:00', '2023-08-01', N'PH0006', 1, N'2D');
insert into SuatChieu values (N'SC01090', '17:15:00', '19:15:00', '2023-08-01', N'PH0006', 1, N'3D');
insert into SuatChieu values (N'SC01091', '19:30:00', '21:30:00', '2023-08-01', N'PH0006', 1, N'4DX');
insert into SuatChieu values (N'SC01092', '21:45:00', '23:45:00', '2023-08-01', N'PH0006', 1, N'2D');
insert into SuatChieu values (N'SC01093', '08:15:00', '10:15:00', '2023-08-01', N'PH0007', 2, N'2D');
insert into SuatChieu values (N'SC01094', '10:30:00', '12:30:00', '2023-08-01', N'PH0007', 2, N'3D');
insert into SuatChieu values (N'SC01095', '12:45:00', '14:45:00', '2023-08-01', N'PH0007', 2, N'IMAX');
insert into SuatChieu values (N'SC01096', '15:00:00', '17:00:00', '2023-08-01', N'PH0007', 2, N'2D');
insert into SuatChieu values (N'SC01097', '17:15:00', '19:15:00', '2023-08-01', N'PH0007', 2, N'3D');
insert into SuatChieu values (N'SC01098', '19:30:00', '21:30:00', '2023-08-01', N'PH0007', 2, N'4DX');
insert into SuatChieu values (N'SC01099', '21:45:00', '23:45:00', '2023-08-01', N'PH0007', 2, N'2D');
insert into SuatChieu values (N'SC01100', '08:15:00', '10:15:00', '2023-08-01', N'PH0008', 3, N'2D');
insert into SuatChieu values (N'SC01101', '10:30:00', '12:30:00', '2023-08-01', N'PH0008', 3, N'3D');
insert into SuatChieu values (N'SC01102', '12:45:00', '14:45:00', '2023-08-01', N'PH0008', 3, N'IMAX');
insert into SuatChieu values (N'SC01103', '15:00:00', '17:00:00', '2023-08-01', N'PH0008', 3, N'2D');
insert into SuatChieu values (N'SC01104', '17:15:00', '19:15:00', '2023-08-01', N'PH0008', 3, N'3D');
insert into SuatChieu values (N'SC01105', '19:30:00', '21:30:00', '2023-08-01', N'PH0008', 3, N'4DX');
insert into SuatChieu values (N'SC01106', '21:45:00', '23:45:00', '2023-08-01', N'PH0008', 3, N'2D');
insert into SuatChieu values (N'SC01107', '08:15:00', '10:15:00', '2023-08-01', N'PH0009', 4, N'2D');
insert into SuatChieu values (N'SC01108', '10:30:00', '12:30:00', '2023-08-01', N'PH0009', 4, N'3D');
insert into SuatChieu values (N'SC01109', '12:45:00', '14:45:00', '2023-08-01', N'PH0009', 4, N'IMAX');
insert into SuatChieu values (N'SC01110', '15:00:00', '17:00:00', '2023-08-01', N'PH0009', 4, N'2D');
insert into SuatChieu values (N'SC01111', '17:15:00', '19:15:00', '2023-08-01', N'PH0009', 4, N'3D');
insert into SuatChieu values (N'SC01112', '19:30:00', '21:30:00', '2023-08-01', N'PH0009', 4, N'4DX');
insert into SuatChieu values (N'SC01113', '21:45:00', '23:45:00', '2023-08-01', N'PH0009', 4, N'2D');
insert into SuatChieu values (N'SC01114', '08:15:00', '10:15:00', '2023-08-01', N'PH0010', 5, N'2D');
insert into SuatChieu values (N'SC01115', '10:30:00', '12:30:00', '2023-08-01', N'PH0010', 5, N'3D');
insert into SuatChieu values (N'SC01116', '12:45:00', '14:45:00', '2023-08-01', N'PH0010', 5, N'IMAX');
insert into SuatChieu values (N'SC01117', '15:00:00', '17:00:00', '2023-08-01', N'PH0010', 5, N'2D');
insert into SuatChieu values (N'SC01118', '17:15:00', '19:15:00', '2023-08-01', N'PH0010', 5, N'3D');
insert into SuatChieu values (N'SC01119', '19:30:00', '21:30:00', '2023-08-01', N'PH0010', 5, N'4DX');
insert into SuatChieu values (N'SC01120', '21:45:00', '23:45:00', '2023-08-01', N'PH0010', 5, N'2D');
insert into SuatChieu values (N'SC01121', '08:15:00', '10:15:00', '2023-08-02', N'PH0006', 1, N'2D');
insert into SuatChieu values (N'SC01122', '10:30:00', '12:30:00', '2023-08-02', N'PH0006', 1, N'3D');
insert into SuatChieu values (N'SC01123', '12:45:00', '14:45:00', '2023-08-02', N'PH0006', 1, N'IMAX');
insert into SuatChieu values (N'SC01124', '15:00:00', '17:00:00', '2023-08-02', N'PH0006', 1, N'2D');
insert into SuatChieu values (N'SC01125', '17:15:00', '19:15:00', '2023-08-02', N'PH0006', 1, N'3D');
insert into SuatChieu values (N'SC01126', '19:30:00', '21:30:00', '2023-08-02', N'PH0006', 1, N'4DX');
insert into SuatChieu values (N'SC01127', '21:45:00', '23:45:00', '2023-08-02', N'PH0006', 1, N'2D');
insert into SuatChieu values (N'SC01128', '08:15:00', '10:15:00', '2023-08-02', N'PH0007', 2, N'2D');
insert into SuatChieu values (N'SC01129', '10:30:00', '12:30:00', '2023-08-02', N'PH0007', 2, N'3D');
insert into SuatChieu values (N'SC01130', '12:45:00', '14:45:00', '2023-08-02', N'PH0007', 2, N'IMAX');
insert into SuatChieu values (N'SC01131', '15:00:00', '17:00:00', '2023-08-02', N'PH0007', 2, N'2D');
insert into SuatChieu values (N'SC01132', '17:15:00', '19:15:00', '2023-08-02', N'PH0007', 2, N'3D');
insert into SuatChieu values (N'SC01133', '19:30:00', '21:30:00', '2023-08-02', N'PH0007', 2, N'4DX');
insert into SuatChieu values (N'SC01134', '21:45:00', '23:45:00', '2023-08-02', N'PH0007', 2, N'2D');
insert into SuatChieu values (N'SC01135', '08:15:00', '10:15:00', '2023-08-02', N'PH0008', 3, N'2D');
insert into SuatChieu values (N'SC01136', '10:30:00', '12:30:00', '2023-08-02', N'PH0008', 3, N'3D');
insert into SuatChieu values (N'SC01137', '12:45:00', '14:45:00', '2023-08-02', N'PH0008', 3, N'IMAX');
insert into SuatChieu values (N'SC01138', '15:00:00', '17:00:00', '2023-08-02', N'PH0008', 3, N'2D');
insert into SuatChieu values (N'SC01139', '17:15:00', '19:15:00', '2023-08-02', N'PH0008', 3, N'3D');
insert into SuatChieu values (N'SC01140', '19:30:00', '21:30:00', '2023-08-02', N'PH0008', 3, N'4DX');
insert into SuatChieu values (N'SC01141', '21:45:00', '23:45:00', '2023-08-02', N'PH0008', 3, N'2D');
insert into SuatChieu values (N'SC01142', '08:15:00', '10:15:00', '2023-08-02', N'PH0009', 4, N'2D');
insert into SuatChieu values (N'SC01143', '10:30:00', '12:30:00', '2023-08-02', N'PH0009', 4, N'3D');
insert into SuatChieu values (N'SC01144', '12:45:00', '14:45:00', '2023-08-02', N'PH0009', 4, N'IMAX');
insert into SuatChieu values (N'SC01145', '15:00:00', '17:00:00', '2023-08-02', N'PH0009', 4, N'2D');
insert into SuatChieu values (N'SC01146', '17:15:00', '19:15:00', '2023-08-02', N'PH0009', 4, N'3D');
insert into SuatChieu values (N'SC01147', '19:30:00', '21:30:00', '2023-08-02', N'PH0009', 4, N'4DX');
insert into SuatChieu values (N'SC01148', '21:45:00', '23:45:00', '2023-08-02', N'PH0009', 4, N'2D');
insert into SuatChieu values (N'SC01149', '08:15:00', '10:15:00', '2023-08-02', N'PH0010', 5, N'2D');
insert into SuatChieu values (N'SC01150', '10:30:00', '12:30:00', '2023-08-02', N'PH0010', 5, N'3D');
insert into SuatChieu values (N'SC01151', '12:45:00', '14:45:00', '2023-08-02', N'PH0010', 5, N'IMAX');
insert into SuatChieu values (N'SC01152', '15:00:00', '17:00:00', '2023-08-02', N'PH0010', 5, N'2D');
insert into SuatChieu values (N'SC01153', '17:15:00', '19:15:00', '2023-08-02', N'PH0010', 5, N'3D');
insert into SuatChieu values (N'SC01154', '19:30:00', '21:30:00', '2023-08-02', N'PH0010', 5, N'4DX');
insert into SuatChieu values (N'SC01155', '21:45:00', '23:45:00', '2023-08-02', N'PH0010', 5, N'2D');
insert into SuatChieu values (N'SC01156', '08:15:00', '10:15:00', '2023-08-03', N'PH0006', 1, N'2D');
insert into SuatChieu values (N'SC01157', '10:30:00', '12:30:00', '2023-08-03', N'PH0006', 1, N'3D');
insert into SuatChieu values (N'SC01158', '12:45:00', '14:45:00', '2023-08-03', N'PH0006', 1, N'IMAX');
insert into SuatChieu values (N'SC01159', '15:00:00', '17:00:00', '2023-08-03', N'PH0006', 1, N'2D');
insert into SuatChieu values (N'SC01160', '17:15:00', '19:15:00', '2023-08-03', N'PH0006', 1, N'3D');
insert into SuatChieu values (N'SC01161', '19:30:00', '21:30:00', '2023-08-03', N'PH0006', 1, N'4DX');
insert into SuatChieu values (N'SC01162', '21:45:00', '23:45:00', '2023-08-03', N'PH0006', 1, N'2D');
insert into SuatChieu values (N'SC01163', '08:15:00', '10:15:00', '2023-08-03', N'PH0007', 2, N'2D');
insert into SuatChieu values (N'SC01164', '10:30:00', '12:30:00', '2023-08-03', N'PH0007', 2, N'3D');
insert into SuatChieu values (N'SC01165', '12:45:00', '14:45:00', '2023-08-03', N'PH0007', 2, N'IMAX');
insert into SuatChieu values (N'SC01166', '15:00:00', '17:00:00', '2023-08-03', N'PH0007', 2, N'2D');
insert into SuatChieu values (N'SC01167', '17:15:00', '19:15:00', '2023-08-03', N'PH0007', 2, N'3D');
insert into SuatChieu values (N'SC01168', '19:30:00', '21:30:00', '2023-08-03', N'PH0007', 2, N'4DX');
insert into SuatChieu values (N'SC01169', '21:45:00', '23:45:00', '2023-08-03', N'PH0007', 2, N'2D');
insert into SuatChieu values (N'SC01170', '08:15:00', '10:15:00', '2023-08-03', N'PH0008', 3, N'2D');
insert into SuatChieu values (N'SC01171', '10:30:00', '12:30:00', '2023-08-03', N'PH0008', 3, N'3D');
insert into SuatChieu values (N'SC01172', '12:45:00', '14:45:00', '2023-08-03', N'PH0008', 3, N'IMAX');
insert into SuatChieu values (N'SC01173', '15:00:00', '17:00:00', '2023-08-03', N'PH0008', 3, N'2D');
insert into SuatChieu values (N'SC01174', '17:15:00', '19:15:00', '2023-08-03', N'PH0008', 3, N'3D');
insert into SuatChieu values (N'SC01175', '19:30:00', '21:30:00', '2023-08-03', N'PH0008', 3, N'4DX');
insert into SuatChieu values (N'SC01176', '21:45:00', '23:45:00', '2023-08-03', N'PH0008', 3, N'2D');
insert into SuatChieu values (N'SC01177', '08:15:00', '10:15:00', '2023-08-03', N'PH0009', 4, N'2D');
insert into SuatChieu values (N'SC01178', '10:30:00', '12:30:00', '2023-08-03', N'PH0009', 4, N'3D');
insert into SuatChieu values (N'SC01179', '12:45:00', '14:45:00', '2023-08-03', N'PH0009', 4, N'IMAX');
insert into SuatChieu values (N'SC01180', '15:00:00', '17:00:00', '2023-08-03', N'PH0009', 4, N'2D');
insert into SuatChieu values (N'SC01181', '17:15:00', '19:15:00', '2023-08-03', N'PH0009', 4, N'3D');
insert into SuatChieu values (N'SC01182', '19:30:00', '21:30:00', '2023-08-03', N'PH0009', 4, N'4DX');
insert into SuatChieu values (N'SC01183', '21:45:00', '23:45:00', '2023-08-03', N'PH0009', 4, N'2D');
insert into SuatChieu values (N'SC01184', '08:15:00', '10:15:00', '2023-08-03', N'PH0010', 5, N'2D');
insert into SuatChieu values (N'SC01185', '10:30:00', '12:30:00', '2023-08-03', N'PH0010', 5, N'3D');
insert into SuatChieu values (N'SC01186', '12:45:00', '14:45:00', '2023-08-03', N'PH0010', 5, N'IMAX');
insert into SuatChieu values (N'SC01187', '15:00:00', '17:00:00', '2023-08-03', N'PH0010', 5, N'2D');
insert into SuatChieu values (N'SC01188', '17:15:00', '19:15:00', '2023-08-03', N'PH0010', 5, N'3D');
insert into SuatChieu values (N'SC01189', '19:30:00', '21:30:00', '2023-08-03', N'PH0010', 5, N'4DX');
insert into SuatChieu values (N'SC01190', '21:45:00', '23:45:00', '2023-08-03', N'PH0010', 5, N'2D');
insert into SuatChieu values (N'SC01191', '08:15:00', '10:15:00', '2023-08-04', N'PH0006', 1, N'2D');
insert into SuatChieu values (N'SC01192', '10:30:00', '12:30:00', '2023-08-04', N'PH0006', 1, N'3D');
insert into SuatChieu values (N'SC01193', '12:45:00', '14:45:00', '2023-08-04', N'PH0006', 1, N'IMAX');
insert into SuatChieu values (N'SC01194', '15:00:00', '17:00:00', '2023-08-04', N'PH0006', 1, N'2D');
insert into SuatChieu values (N'SC01195', '17:15:00', '19:15:00', '2023-08-04', N'PH0006', 1, N'3D');
insert into SuatChieu values (N'SC01196', '19:30:00', '21:30:00', '2023-08-04', N'PH0006', 1, N'4DX');
insert into SuatChieu values (N'SC01197', '21:45:00', '23:45:00', '2023-08-04', N'PH0006', 1, N'2D');
insert into SuatChieu values (N'SC01198', '08:15:00', '10:15:00', '2023-08-04', N'PH0007', 2, N'2D');
insert into SuatChieu values (N'SC01199', '10:30:00', '12:30:00', '2023-08-04', N'PH0007', 2, N'3D');
insert into SuatChieu values (N'SC01200', '12:45:00', '14:45:00', '2023-08-04', N'PH0007', 2, N'IMAX');
insert into SuatChieu values (N'SC01201', '15:00:00', '17:00:00', '2023-08-04', N'PH0007', 2, N'2D');
insert into SuatChieu values (N'SC01202', '17:15:00', '19:15:00', '2023-08-04', N'PH0007', 2, N'3D');
insert into SuatChieu values (N'SC01203', '19:30:00', '21:30:00', '2023-08-04', N'PH0007', 2, N'4DX');
insert into SuatChieu values (N'SC01204', '21:45:00', '23:45:00', '2023-08-04', N'PH0007', 2, N'2D');
insert into SuatChieu values (N'SC01205', '08:15:00', '10:15:00', '2023-08-04', N'PH0008', 3, N'2D');
insert into SuatChieu values (N'SC01206', '10:30:00', '12:30:00', '2023-08-04', N'PH0008', 3, N'3D');
insert into SuatChieu values (N'SC01207', '12:45:00', '14:45:00', '2023-08-04', N'PH0008', 3, N'IMAX');
insert into SuatChieu values (N'SC01208', '15:00:00', '17:00:00', '2023-08-04', N'PH0008', 3, N'2D');
insert into SuatChieu values (N'SC01209', '17:15:00', '19:15:00', '2023-08-04', N'PH0008', 3, N'3D');
insert into SuatChieu values (N'SC01210', '19:30:00', '21:30:00', '2023-08-04', N'PH0008', 3, N'4DX');
insert into SuatChieu values (N'SC01211', '21:45:00', '23:45:00', '2023-08-04', N'PH0008', 3, N'2D');
insert into SuatChieu values (N'SC01212', '08:15:00', '10:15:00', '2023-08-04', N'PH0009', 4, N'2D');
insert into SuatChieu values (N'SC01213', '10:30:00', '12:30:00', '2023-08-04', N'PH0009', 4, N'3D');
insert into SuatChieu values (N'SC01214', '12:45:00', '14:45:00', '2023-08-04', N'PH0009', 4, N'IMAX');
insert into SuatChieu values (N'SC01215', '15:00:00', '17:00:00', '2023-08-04', N'PH0009', 4, N'2D');
insert into SuatChieu values (N'SC01216', '17:15:00', '19:15:00', '2023-08-04', N'PH0009', 4, N'3D');
insert into SuatChieu values (N'SC01217', '19:30:00', '21:30:00', '2023-08-04', N'PH0009', 4, N'4DX');
insert into SuatChieu values (N'SC01218', '21:45:00', '23:45:00', '2023-08-04', N'PH0009', 4, N'2D');
insert into SuatChieu values (N'SC01219', '08:15:00', '10:15:00', '2023-08-04', N'PH0010', 5, N'2D');
insert into SuatChieu values (N'SC01220', '10:30:00', '12:30:00', '2023-08-04', N'PH0010', 5, N'3D');
insert into SuatChieu values (N'SC01221', '12:45:00', '14:45:00', '2023-08-04', N'PH0010', 5, N'IMAX');
insert into SuatChieu values (N'SC01222', '15:00:00', '17:00:00', '2023-08-04', N'PH0010', 5, N'2D');
insert into SuatChieu values (N'SC01223', '17:15:00', '19:15:00', '2023-08-04', N'PH0010', 5, N'3D');
insert into SuatChieu values (N'SC01224', '19:30:00', '21:30:00', '2023-08-04', N'PH0010', 5, N'4DX');
insert into SuatChieu values (N'SC01225', '21:45:00', '23:45:00', '2023-08-04', N'PH0010', 5, N'2D');
insert into SuatChieu values (N'SC01226', '08:15:00', '10:15:00', '2023-08-05', N'PH0006', 1, N'2D');
insert into SuatChieu values (N'SC01227', '10:30:00', '12:30:00', '2023-08-05', N'PH0006', 1, N'3D');
insert into SuatChieu values (N'SC01228', '12:45:00', '14:45:00', '2023-08-05', N'PH0006', 1, N'IMAX');
insert into SuatChieu values (N'SC01229', '15:00:00', '17:00:00', '2023-08-05', N'PH0006', 1, N'2D');
insert into SuatChieu values (N'SC01230', '17:15:00', '19:15:00', '2023-08-05', N'PH0006', 1, N'3D');
insert into SuatChieu values (N'SC01231', '19:30:00', '21:30:00', '2023-08-05', N'PH0006', 1, N'4DX');
insert into SuatChieu values (N'SC01232', '21:45:00', '23:45:00', '2023-08-05', N'PH0006', 1, N'2D');
insert into SuatChieu values (N'SC01233', '08:15:00', '10:15:00', '2023-08-05', N'PH0007', 2, N'2D');
insert into SuatChieu values (N'SC01234', '10:30:00', '12:30:00', '2023-08-05', N'PH0007', 2, N'3D');
insert into SuatChieu values (N'SC01235', '12:45:00', '14:45:00', '2023-08-05', N'PH0007', 2, N'IMAX');
insert into SuatChieu values (N'SC01236', '15:00:00', '17:00:00', '2023-08-05', N'PH0007', 2, N'2D');
insert into SuatChieu values (N'SC01237', '17:15:00', '19:15:00', '2023-08-05', N'PH0007', 2, N'3D');
insert into SuatChieu values (N'SC01238', '19:30:00', '21:30:00', '2023-08-05', N'PH0007', 2, N'4DX');
insert into SuatChieu values (N'SC01239', '21:45:00', '23:45:00', '2023-08-05', N'PH0007', 2, N'2D');
insert into SuatChieu values (N'SC01240', '08:15:00', '10:15:00', '2023-08-05', N'PH0008', 3, N'2D');
insert into SuatChieu values (N'SC01241', '10:30:00', '12:30:00', '2023-08-05', N'PH0008', 3, N'3D');
insert into SuatChieu values (N'SC01242', '12:45:00', '14:45:00', '2023-08-05', N'PH0008', 3, N'IMAX');
insert into SuatChieu values (N'SC01243', '15:00:00', '17:00:00', '2023-08-05', N'PH0008', 3, N'2D');
insert into SuatChieu values (N'SC01244', '17:15:00', '19:15:00', '2023-08-05', N'PH0008', 3, N'3D');
insert into SuatChieu values (N'SC01245', '19:30:00', '21:30:00', '2023-08-05', N'PH0008', 3, N'4DX');
insert into SuatChieu values (N'SC01246', '21:45:00', '23:45:00', '2023-08-05', N'PH0008', 3, N'2D');
insert into SuatChieu values (N'SC01247', '08:15:00', '10:15:00', '2023-08-05', N'PH0009', 4, N'2D');
insert into SuatChieu values (N'SC01248', '10:30:00', '12:30:00', '2023-08-05', N'PH0009', 4, N'3D');
insert into SuatChieu values (N'SC01249', '12:45:00', '14:45:00', '2023-08-05', N'PH0009', 4, N'IMAX');
insert into SuatChieu values (N'SC01250', '15:00:00', '17:00:00', '2023-08-05', N'PH0009', 4, N'2D');
insert into SuatChieu values (N'SC01251', '17:15:00', '19:15:00', '2023-08-05', N'PH0009', 4, N'3D');
insert into SuatChieu values (N'SC01252', '19:30:00', '21:30:00', '2023-08-05', N'PH0009', 4, N'4DX');
insert into SuatChieu values (N'SC01253', '21:45:00', '23:45:00', '2023-08-05', N'PH0009', 4, N'2D');
insert into SuatChieu values (N'SC01254', '08:15:00', '10:15:00', '2023-08-05', N'PH0010', 5, N'2D');
insert into SuatChieu values (N'SC01255', '10:30:00', '12:30:00', '2023-08-05', N'PH0010', 5, N'3D');
insert into SuatChieu values (N'SC01256', '12:45:00', '14:45:00', '2023-08-05', N'PH0010', 5, N'IMAX');
insert into SuatChieu values (N'SC01257', '15:00:00', '17:00:00', '2023-08-05', N'PH0010', 5, N'2D');
insert into SuatChieu values (N'SC01258', '17:15:00', '19:15:00', '2023-08-05', N'PH0010', 5, N'3D');
insert into SuatChieu values (N'SC01259', '19:30:00', '21:30:00', '2023-08-05', N'PH0010', 5, N'4DX');
insert into SuatChieu values (N'SC01260', '21:45:00', '23:45:00', '2023-08-05', N'PH0010', 5, N'2D');
insert into SuatChieu values (N'SC01261', '08:15:00', '10:15:00', '2023-08-06', N'PH0006', 1, N'2D');
insert into SuatChieu values (N'SC01262', '10:30:00', '12:30:00', '2023-08-06', N'PH0006', 1, N'3D');
insert into SuatChieu values (N'SC01263', '12:45:00', '14:45:00', '2023-08-06', N'PH0006', 1, N'IMAX');
insert into SuatChieu values (N'SC01264', '15:00:00', '17:00:00', '2023-08-06', N'PH0006', 1, N'2D');
insert into SuatChieu values (N'SC01265', '17:15:00', '19:15:00', '2023-08-06', N'PH0006', 1, N'3D');
insert into SuatChieu values (N'SC01266', '19:30:00', '21:30:00', '2023-08-06', N'PH0006', 1, N'4DX');
insert into SuatChieu values (N'SC01267', '21:45:00', '23:45:00', '2023-08-06', N'PH0006', 1, N'2D');
insert into SuatChieu values (N'SC01268', '08:15:00', '10:15:00', '2023-08-06', N'PH0007', 2, N'2D');
insert into SuatChieu values (N'SC01269', '10:30:00', '12:30:00', '2023-08-06', N'PH0007', 2, N'3D');
insert into SuatChieu values (N'SC01270', '12:45:00', '14:45:00', '2023-08-06', N'PH0007', 2, N'IMAX');
insert into SuatChieu values (N'SC01271', '15:00:00', '17:00:00', '2023-08-06', N'PH0007', 2, N'2D');
insert into SuatChieu values (N'SC01272', '17:15:00', '19:15:00', '2023-08-06', N'PH0007', 2, N'3D');
insert into SuatChieu values (N'SC01273', '19:30:00', '21:30:00', '2023-08-06', N'PH0007', 2, N'4DX');
insert into SuatChieu values (N'SC01274', '21:45:00', '23:45:00', '2023-08-06', N'PH0007', 2, N'2D');
insert into SuatChieu values (N'SC01275', '08:15:00', '10:15:00', '2023-08-06', N'PH0008', 3, N'2D');
insert into SuatChieu values (N'SC01276', '10:30:00', '12:30:00', '2023-08-06', N'PH0008', 3, N'3D');
insert into SuatChieu values (N'SC01277', '12:45:00', '14:45:00', '2023-08-06', N'PH0008', 3, N'IMAX');
insert into SuatChieu values (N'SC01278', '15:00:00', '17:00:00', '2023-08-06', N'PH0008', 3, N'2D');
insert into SuatChieu values (N'SC01279', '17:15:00', '19:15:00', '2023-08-06', N'PH0008', 3, N'3D');
insert into SuatChieu values (N'SC01280', '19:30:00', '21:30:00', '2023-08-06', N'PH0008', 3, N'4DX');
insert into SuatChieu values (N'SC01281', '21:45:00', '23:45:00', '2023-08-06', N'PH0008', 3, N'2D');
insert into SuatChieu values (N'SC01282', '08:15:00', '10:15:00', '2023-08-06', N'PH0009', 4, N'2D');
insert into SuatChieu values (N'SC01283', '10:30:00', '12:30:00', '2023-08-06', N'PH0009', 4, N'3D');
insert into SuatChieu values (N'SC01284', '12:45:00', '14:45:00', '2023-08-06', N'PH0009', 4, N'IMAX');
insert into SuatChieu values (N'SC01285', '15:00:00', '17:00:00', '2023-08-06', N'PH0009', 4, N'2D');
insert into SuatChieu values (N'SC01286', '17:15:00', '19:15:00', '2023-08-06', N'PH0009', 4, N'3D');
insert into SuatChieu values (N'SC01287', '19:30:00', '21:30:00', '2023-08-06', N'PH0009', 4, N'4DX');
insert into SuatChieu values (N'SC01288', '21:45:00', '23:45:00', '2023-08-06', N'PH0009', 4, N'2D');
insert into SuatChieu values (N'SC01289', '08:15:00', '10:15:00', '2023-08-06', N'PH0010', 5, N'2D');
insert into SuatChieu values (N'SC01290', '10:30:00', '12:30:00', '2023-08-06', N'PH0010', 5, N'3D');
insert into SuatChieu values (N'SC01291', '12:45:00', '14:45:00', '2023-08-06', N'PH0010', 5, N'IMAX');
insert into SuatChieu values (N'SC01292', '15:00:00', '17:00:00', '2023-08-06', N'PH0010', 5, N'2D');
insert into SuatChieu values (N'SC01293', '17:15:00', '19:15:00', '2023-08-06', N'PH0010', 5, N'3D');
insert into SuatChieu values (N'SC01294', '19:30:00', '21:30:00', '2023-08-06', N'PH0010', 5, N'4DX');
insert into SuatChieu values (N'SC01295', '21:45:00', '23:45:00', '2023-08-06', N'PH0010', 5, N'2D');
insert into SuatChieu values (N'SC01296', '08:15:00', '10:15:00', '2023-08-07', N'PH0006', 1, N'2D');
insert into SuatChieu values (N'SC01297', '10:30:00', '12:30:00', '2023-08-07', N'PH0006', 1, N'3D');
insert into SuatChieu values (N'SC01298', '12:45:00', '14:45:00', '2023-08-07', N'PH0006', 1, N'IMAX');
insert into SuatChieu values (N'SC01299', '15:00:00', '17:00:00', '2023-08-07', N'PH0006', 1, N'2D');
insert into SuatChieu values (N'SC01300', '17:15:00', '19:15:00', '2023-08-07', N'PH0006', 1, N'3D');
insert into SuatChieu values (N'SC01301', '19:30:00', '21:30:00', '2023-08-07', N'PH0006', 1, N'4DX');
insert into SuatChieu values (N'SC01302', '21:45:00', '23:45:00', '2023-08-07', N'PH0006', 1, N'2D');
insert into SuatChieu values (N'SC01303', '08:15:00', '10:15:00', '2023-08-07', N'PH0007', 2, N'2D');
insert into SuatChieu values (N'SC01304', '10:30:00', '12:30:00', '2023-08-07', N'PH0007', 2, N'3D');
insert into SuatChieu values (N'SC01305', '12:45:00', '14:45:00', '2023-08-07', N'PH0007', 2, N'IMAX');
insert into SuatChieu values (N'SC01306', '15:00:00', '17:00:00', '2023-08-07', N'PH0007', 2, N'2D');
insert into SuatChieu values (N'SC01307', '17:15:00', '19:15:00', '2023-08-07', N'PH0007', 2, N'3D');
insert into SuatChieu values (N'SC01308', '19:30:00', '21:30:00', '2023-08-07', N'PH0007', 2, N'4DX');
insert into SuatChieu values (N'SC01309', '21:45:00', '23:45:00', '2023-08-07', N'PH0007', 2, N'2D');
insert into SuatChieu values (N'SC01310', '08:15:00', '10:15:00', '2023-08-07', N'PH0008', 3, N'2D');
insert into SuatChieu values (N'SC01311', '10:30:00', '12:30:00', '2023-08-07', N'PH0008', 3, N'3D');
insert into SuatChieu values (N'SC01312', '12:45:00', '14:45:00', '2023-08-07', N'PH0008', 3, N'IMAX');
insert into SuatChieu values (N'SC01313', '15:00:00', '17:00:00', '2023-08-07', N'PH0008', 3, N'2D');
insert into SuatChieu values (N'SC01314', '17:15:00', '19:15:00', '2023-08-07', N'PH0008', 3, N'3D');
insert into SuatChieu values (N'SC01315', '19:30:00', '21:30:00', '2023-08-07', N'PH0008', 3, N'4DX');
insert into SuatChieu values (N'SC01316', '21:45:00', '23:45:00', '2023-08-07', N'PH0008', 3, N'2D');
insert into SuatChieu values (N'SC01317', '08:15:00', '10:15:00', '2023-08-07', N'PH0009', 4, N'2D');
insert into SuatChieu values (N'SC01318', '10:30:00', '12:30:00', '2023-08-07', N'PH0009', 4, N'3D');
insert into SuatChieu values (N'SC01319', '12:45:00', '14:45:00', '2023-08-07', N'PH0009', 4, N'IMAX');
insert into SuatChieu values (N'SC01320', '15:00:00', '17:00:00', '2023-08-07', N'PH0009', 4, N'2D');
insert into SuatChieu values (N'SC01321', '17:15:00', '19:15:00', '2023-08-07', N'PH0009', 4, N'3D');
insert into SuatChieu values (N'SC01322', '19:30:00', '21:30:00', '2023-08-07', N'PH0009', 4, N'4DX');
insert into SuatChieu values (N'SC01323', '21:45:00', '23:45:00', '2023-08-07', N'PH0009', 4, N'2D');
insert into SuatChieu values (N'SC01324', '08:15:00', '10:15:00', '2023-08-07', N'PH0010', 5, N'2D');
insert into SuatChieu values (N'SC01325', '10:30:00', '12:30:00', '2023-08-07', N'PH0010', 5, N'3D');
insert into SuatChieu values (N'SC01326', '12:45:00', '14:45:00', '2023-08-07', N'PH0010', 5, N'IMAX');
insert into SuatChieu values (N'SC01327', '15:00:00', '17:00:00', '2023-08-07', N'PH0010', 5, N'2D');
insert into SuatChieu values (N'SC01328', '17:15:00', '19:15:00', '2023-08-07', N'PH0010', 5, N'3D');
insert into SuatChieu values (N'SC01329', '19:30:00', '21:30:00', '2023-08-07', N'PH0010', 5, N'4DX');
insert into SuatChieu values (N'SC01330', '21:45:00', '23:45:00', '2023-08-07', N'PH0010', 5, N'2D');
insert into SuatChieu values (N'SC01331', '08:15:00', '10:15:00', '2023-08-08', N'PH0006', 1, N'2D');
insert into SuatChieu values (N'SC01332', '10:30:00', '12:30:00', '2023-08-08', N'PH0006', 1, N'3D');
insert into SuatChieu values (N'SC01333', '12:45:00', '14:45:00', '2023-08-08', N'PH0006', 1, N'IMAX');
insert into SuatChieu values (N'SC01334', '15:00:00', '17:00:00', '2023-08-08', N'PH0006', 1, N'2D');
insert into SuatChieu values (N'SC01335', '17:15:00', '19:15:00', '2023-08-08', N'PH0006', 1, N'3D');
insert into SuatChieu values (N'SC01336', '19:30:00', '21:30:00', '2023-08-08', N'PH0006', 1, N'4DX');
insert into SuatChieu values (N'SC01337', '21:45:00', '23:45:00', '2023-08-08', N'PH0006', 1, N'2D');
insert into SuatChieu values (N'SC01338', '08:15:00', '10:15:00', '2023-08-08', N'PH0007', 2, N'2D');
insert into SuatChieu values (N'SC01339', '10:30:00', '12:30:00', '2023-08-08', N'PH0007', 2, N'3D');
insert into SuatChieu values (N'SC01340', '12:45:00', '14:45:00', '2023-08-08', N'PH0007', 2, N'IMAX');
insert into SuatChieu values (N'SC01341', '15:00:00', '17:00:00', '2023-08-08', N'PH0007', 2, N'2D');
insert into SuatChieu values (N'SC01342', '17:15:00', '19:15:00', '2023-08-08', N'PH0007', 2, N'3D');
insert into SuatChieu values (N'SC01343', '19:30:00', '21:30:00', '2023-08-08', N'PH0007', 2, N'4DX');
insert into SuatChieu values (N'SC01344', '21:45:00', '23:45:00', '2023-08-08', N'PH0007', 2, N'2D');
insert into SuatChieu values (N'SC01345', '08:15:00', '10:15:00', '2023-08-08', N'PH0008', 3, N'2D');
insert into SuatChieu values (N'SC01346', '10:30:00', '12:30:00', '2023-08-08', N'PH0008', 3, N'3D');
insert into SuatChieu values (N'SC01347', '12:45:00', '14:45:00', '2023-08-08', N'PH0008', 3, N'IMAX');
insert into SuatChieu values (N'SC01348', '15:00:00', '17:00:00', '2023-08-08', N'PH0008', 3, N'2D');
insert into SuatChieu values (N'SC01349', '17:15:00', '19:15:00', '2023-08-08', N'PH0008', 3, N'3D');
insert into SuatChieu values (N'SC01350', '19:30:00', '21:30:00', '2023-08-08', N'PH0008', 3, N'4DX');
insert into SuatChieu values (N'SC01351', '21:45:00', '23:45:00', '2023-08-08', N'PH0008', 3, N'2D');
insert into SuatChieu values (N'SC01352', '08:15:00', '10:15:00', '2023-08-08', N'PH0009', 4, N'2D');
insert into SuatChieu values (N'SC01353', '10:30:00', '12:30:00', '2023-08-08', N'PH0009', 4, N'3D');
insert into SuatChieu values (N'SC01354', '12:45:00', '14:45:00', '2023-08-08', N'PH0009', 4, N'IMAX');
insert into SuatChieu values (N'SC01355', '15:00:00', '17:00:00', '2023-08-08', N'PH0009', 4, N'2D');
insert into SuatChieu values (N'SC01356', '17:15:00', '19:15:00', '2023-08-08', N'PH0009', 4, N'3D');
insert into SuatChieu values (N'SC01357', '19:30:00', '21:30:00', '2023-08-08', N'PH0009', 4, N'4DX');
insert into SuatChieu values (N'SC01358', '21:45:00', '23:45:00', '2023-08-08', N'PH0009', 4, N'2D');
insert into SuatChieu values (N'SC01359', '08:15:00', '10:15:00', '2023-08-08', N'PH0010', 5, N'2D');
insert into SuatChieu values (N'SC01360', '10:30:00', '12:30:00', '2023-08-08', N'PH0010', 5, N'3D');
insert into SuatChieu values (N'SC01361', '12:45:00', '14:45:00', '2023-08-08', N'PH0010', 5, N'IMAX');
insert into SuatChieu values (N'SC01362', '15:00:00', '17:00:00', '2023-08-08', N'PH0010', 5, N'2D');
insert into SuatChieu values (N'SC01363', '17:15:00', '19:15:00', '2023-08-08', N'PH0010', 5, N'3D');
insert into SuatChieu values (N'SC01364', '19:30:00', '21:30:00', '2023-08-08', N'PH0010', 5, N'4DX');
insert into SuatChieu values (N'SC01365', '21:45:00', '23:45:00', '2023-08-08', N'PH0010', 5, N'2D');
insert into SuatChieu values (N'SC01366', '08:15:00', '10:15:00', '2023-08-09', N'PH0006', 1, N'2D');
insert into SuatChieu values (N'SC01367', '10:30:00', '12:30:00', '2023-08-09', N'PH0006', 1, N'3D');
insert into SuatChieu values (N'SC01368', '12:45:00', '14:45:00', '2023-08-09', N'PH0006', 1, N'IMAX');
insert into SuatChieu values (N'SC01369', '15:00:00', '17:00:00', '2023-08-09', N'PH0006', 1, N'2D');
insert into SuatChieu values (N'SC01370', '17:15:00', '19:15:00', '2023-08-09', N'PH0006', 1, N'3D');
insert into SuatChieu values (N'SC01371', '19:30:00', '21:30:00', '2023-08-09', N'PH0006', 1, N'4DX');
insert into SuatChieu values (N'SC01372', '21:45:00', '23:45:00', '2023-08-09', N'PH0006', 1, N'2D');
insert into SuatChieu values (N'SC01373', '08:15:00', '10:15:00', '2023-08-09', N'PH0007', 2, N'2D');
insert into SuatChieu values (N'SC01374', '10:30:00', '12:30:00', '2023-08-09', N'PH0007', 2, N'3D');
insert into SuatChieu values (N'SC01375', '12:45:00', '14:45:00', '2023-08-09', N'PH0007', 2, N'IMAX');
insert into SuatChieu values (N'SC01376', '15:00:00', '17:00:00', '2023-08-09', N'PH0007', 2, N'2D');
insert into SuatChieu values (N'SC01377', '17:15:00', '19:15:00', '2023-08-09', N'PH0007', 2, N'3D');
insert into SuatChieu values (N'SC01378', '19:30:00', '21:30:00', '2023-08-09', N'PH0007', 2, N'4DX');
insert into SuatChieu values (N'SC01379', '21:45:00', '23:45:00', '2023-08-09', N'PH0007', 2, N'2D');
insert into SuatChieu values (N'SC01380', '08:15:00', '10:15:00', '2023-08-09', N'PH0008', 3, N'2D');
insert into SuatChieu values (N'SC01381', '10:30:00', '12:30:00', '2023-08-09', N'PH0008', 3, N'3D');
insert into SuatChieu values (N'SC01382', '12:45:00', '14:45:00', '2023-08-09', N'PH0008', 3, N'IMAX');
insert into SuatChieu values (N'SC01383', '15:00:00', '17:00:00', '2023-08-09', N'PH0008', 3, N'2D');
insert into SuatChieu values (N'SC01384', '17:15:00', '19:15:00', '2023-08-09', N'PH0008', 3, N'3D');
insert into SuatChieu values (N'SC01385', '19:30:00', '21:30:00', '2023-08-09', N'PH0008', 3, N'4DX');
insert into SuatChieu values (N'SC01386', '21:45:00', '23:45:00', '2023-08-09', N'PH0008', 3, N'2D');
insert into SuatChieu values (N'SC01387', '08:15:00', '10:15:00', '2023-08-09', N'PH0009', 4, N'2D');
insert into SuatChieu values (N'SC01388', '10:30:00', '12:30:00', '2023-08-09', N'PH0009', 4, N'3D');
insert into SuatChieu values (N'SC01389', '12:45:00', '14:45:00', '2023-08-09', N'PH0009', 4, N'IMAX');
insert into SuatChieu values (N'SC01390', '15:00:00', '17:00:00', '2023-08-09', N'PH0009', 4, N'2D');
insert into SuatChieu values (N'SC01391', '17:15:00', '19:15:00', '2023-08-09', N'PH0009', 4, N'3D');
insert into SuatChieu values (N'SC01392', '19:30:00', '21:30:00', '2023-08-09', N'PH0009', 4, N'4DX');
insert into SuatChieu values (N'SC01393', '21:45:00', '23:45:00', '2023-08-09', N'PH0009', 4, N'2D');
insert into SuatChieu values (N'SC01394', '08:15:00', '10:15:00', '2023-08-09', N'PH0010', 5, N'2D');
insert into SuatChieu values (N'SC01395', '10:30:00', '12:30:00', '2023-08-09', N'PH0010', 5, N'3D');
insert into SuatChieu values (N'SC01396', '12:45:00', '14:45:00', '2023-08-09', N'PH0010', 5, N'IMAX');
insert into SuatChieu values (N'SC01397', '15:00:00', '17:00:00', '2023-08-09', N'PH0010', 5, N'2D');
insert into SuatChieu values (N'SC01398', '17:15:00', '19:15:00', '2023-08-09', N'PH0010', 5, N'3D');
insert into SuatChieu values (N'SC01399', '19:30:00', '21:30:00', '2023-08-09', N'PH0010', 5, N'4DX');
insert into SuatChieu values (N'SC01400', '21:45:00', '23:45:00', '2023-08-09', N'PH0010', 5, N'2D');
insert into SuatChieu values (N'SC01401', '08:15:00', '10:15:00', '2023-08-10', N'PH0006', 1, N'2D');
insert into SuatChieu values (N'SC01402', '10:30:00', '12:30:00', '2023-08-10', N'PH0006', 1, N'3D');
insert into SuatChieu values (N'SC01403', '12:45:00', '14:45:00', '2023-08-10', N'PH0006', 1, N'IMAX');
insert into SuatChieu values (N'SC01404', '15:00:00', '17:00:00', '2023-08-10', N'PH0006', 1, N'2D');
insert into SuatChieu values (N'SC01405', '17:15:00', '19:15:00', '2023-08-10', N'PH0006', 1, N'3D');
insert into SuatChieu values (N'SC01406', '19:30:00', '21:30:00', '2023-08-10', N'PH0006', 1, N'4DX');
insert into SuatChieu values (N'SC01407', '21:45:00', '23:45:00', '2023-08-10', N'PH0006', 1, N'2D');
insert into SuatChieu values (N'SC01408', '08:15:00', '10:15:00', '2023-08-10', N'PH0007', 2, N'2D');
insert into SuatChieu values (N'SC01409', '10:30:00', '12:30:00', '2023-08-10', N'PH0007', 2, N'3D');
insert into SuatChieu values (N'SC01410', '12:45:00', '14:45:00', '2023-08-10', N'PH0007', 2, N'IMAX');
insert into SuatChieu values (N'SC01411', '15:00:00', '17:00:00', '2023-08-10', N'PH0007', 2, N'2D');
insert into SuatChieu values (N'SC01412', '17:15:00', '19:15:00', '2023-08-10', N'PH0007', 2, N'3D');
insert into SuatChieu values (N'SC01413', '19:30:00', '21:30:00', '2023-08-10', N'PH0007', 2, N'4DX');
insert into SuatChieu values (N'SC01414', '21:45:00', '23:45:00', '2023-08-10', N'PH0007', 2, N'2D');
insert into SuatChieu values (N'SC01415', '08:15:00', '10:15:00', '2023-08-10', N'PH0008', 3, N'2D');
insert into SuatChieu values (N'SC01416', '10:30:00', '12:30:00', '2023-08-10', N'PH0008', 3, N'3D');
insert into SuatChieu values (N'SC01417', '12:45:00', '14:45:00', '2023-08-10', N'PH0008', 3, N'IMAX');
insert into SuatChieu values (N'SC01418', '15:00:00', '17:00:00', '2023-08-10', N'PH0008', 3, N'2D');
insert into SuatChieu values (N'SC01419', '17:15:00', '19:15:00', '2023-08-10', N'PH0008', 3, N'3D');
insert into SuatChieu values (N'SC01420', '19:30:00', '21:30:00', '2023-08-10', N'PH0008', 3, N'4DX');
insert into SuatChieu values (N'SC01421', '21:45:00', '23:45:00', '2023-08-10', N'PH0008', 3, N'2D');
insert into SuatChieu values (N'SC01422', '08:15:00', '10:15:00', '2023-08-10', N'PH0009', 4, N'2D');
insert into SuatChieu values (N'SC01423', '10:30:00', '12:30:00', '2023-08-10', N'PH0009', 4, N'3D');
insert into SuatChieu values (N'SC01424', '12:45:00', '14:45:00', '2023-08-10', N'PH0009', 4, N'IMAX');
insert into SuatChieu values (N'SC01425', '15:00:00', '17:00:00', '2023-08-10', N'PH0009', 4, N'2D');
insert into SuatChieu values (N'SC01426', '17:15:00', '19:15:00', '2023-08-10', N'PH0009', 4, N'3D');
insert into SuatChieu values (N'SC01427', '19:30:00', '21:30:00', '2023-08-10', N'PH0009', 4, N'4DX');
insert into SuatChieu values (N'SC01428', '21:45:00', '23:45:00', '2023-08-10', N'PH0009', 4, N'2D');
insert into SuatChieu values (N'SC01429', '08:15:00', '10:15:00', '2023-08-10', N'PH0010', 5, N'2D');
insert into SuatChieu values (N'SC01430', '10:30:00', '12:30:00', '2023-08-10', N'PH0010', 5, N'3D');
insert into SuatChieu values (N'SC01431', '12:45:00', '14:45:00', '2023-08-10', N'PH0010', 5, N'IMAX');
insert into SuatChieu values (N'SC01432', '15:00:00', '17:00:00', '2023-08-10', N'PH0010', 5, N'2D');
insert into SuatChieu values (N'SC01433', '17:15:00', '19:15:00', '2023-08-10', N'PH0010', 5, N'3D');
insert into SuatChieu values (N'SC01434', '19:30:00', '21:30:00', '2023-08-10', N'PH0010', 5, N'4DX');
insert into SuatChieu values (N'SC01435', '21:45:00', '23:45:00', '2023-08-10', N'PH0010', 5, N'2D');
insert into SuatChieu values (N'SC01436', '08:15:00', '10:15:00', '2023-08-11', N'PH0006', 1, N'2D');
insert into SuatChieu values (N'SC01437', '10:30:00', '12:30:00', '2023-08-11', N'PH0006', 1, N'3D');
insert into SuatChieu values (N'SC01438', '12:45:00', '14:45:00', '2023-08-11', N'PH0006', 1, N'IMAX');
insert into SuatChieu values (N'SC01439', '15:00:00', '17:00:00', '2023-08-11', N'PH0006', 1, N'2D');
insert into SuatChieu values (N'SC01440', '17:15:00', '19:15:00', '2023-08-11', N'PH0006', 1, N'3D');
insert into SuatChieu values (N'SC01441', '19:30:00', '21:30:00', '2023-08-11', N'PH0006', 1, N'4DX');
insert into SuatChieu values (N'SC01442', '21:45:00', '23:45:00', '2023-08-11', N'PH0006', 1, N'2D');
insert into SuatChieu values (N'SC01443', '08:15:00', '10:15:00', '2023-08-11', N'PH0007', 2, N'2D');
insert into SuatChieu values (N'SC01444', '10:30:00', '12:30:00', '2023-08-11', N'PH0007', 2, N'3D');
insert into SuatChieu values (N'SC01445', '12:45:00', '14:45:00', '2023-08-11', N'PH0007', 2, N'IMAX');
insert into SuatChieu values (N'SC01446', '15:00:00', '17:00:00', '2023-08-11', N'PH0007', 2, N'2D');
insert into SuatChieu values (N'SC01447', '17:15:00', '19:15:00', '2023-08-11', N'PH0007', 2, N'3D');
insert into SuatChieu values (N'SC01448', '19:30:00', '21:30:00', '2023-08-11', N'PH0007', 2, N'4DX');
insert into SuatChieu values (N'SC01449', '21:45:00', '23:45:00', '2023-08-11', N'PH0007', 2, N'2D');
insert into SuatChieu values (N'SC01450', '08:15:00', '10:15:00', '2023-08-11', N'PH0008', 3, N'2D');
insert into SuatChieu values (N'SC01451', '10:30:00', '12:30:00', '2023-08-11', N'PH0008', 3, N'3D');
insert into SuatChieu values (N'SC01452', '12:45:00', '14:45:00', '2023-08-11', N'PH0008', 3, N'IMAX');
insert into SuatChieu values (N'SC01453', '15:00:00', '17:00:00', '2023-08-11', N'PH0008', 3, N'2D');
insert into SuatChieu values (N'SC01454', '17:15:00', '19:15:00', '2023-08-11', N'PH0008', 3, N'3D');
insert into SuatChieu values (N'SC01455', '19:30:00', '21:30:00', '2023-08-11', N'PH0008', 3, N'4DX');
insert into SuatChieu values (N'SC01456', '21:45:00', '23:45:00', '2023-08-11', N'PH0008', 3, N'2D');
insert into SuatChieu values (N'SC01457', '08:15:00', '10:15:00', '2023-08-11', N'PH0009', 4, N'2D');
insert into SuatChieu values (N'SC01458', '10:30:00', '12:30:00', '2023-08-11', N'PH0009', 4, N'3D');
insert into SuatChieu values (N'SC01459', '12:45:00', '14:45:00', '2023-08-11', N'PH0009', 4, N'IMAX');
insert into SuatChieu values (N'SC01460', '15:00:00', '17:00:00', '2023-08-11', N'PH0009', 4, N'2D');
insert into SuatChieu values (N'SC01461', '17:15:00', '19:15:00', '2023-08-11', N'PH0009', 4, N'3D');
insert into SuatChieu values (N'SC01462', '19:30:00', '21:30:00', '2023-08-11', N'PH0009', 4, N'4DX');
insert into SuatChieu values (N'SC01463', '21:45:00', '23:45:00', '2023-08-11', N'PH0009', 4, N'2D');
insert into SuatChieu values (N'SC01464', '08:15:00', '10:15:00', '2023-08-11', N'PH0010', 5, N'2D');
insert into SuatChieu values (N'SC01465', '10:30:00', '12:30:00', '2023-08-11', N'PH0010', 5, N'3D');
insert into SuatChieu values (N'SC01466', '12:45:00', '14:45:00', '2023-08-11', N'PH0010', 5, N'IMAX');
insert into SuatChieu values (N'SC01467', '15:00:00', '17:00:00', '2023-08-11', N'PH0010', 5, N'2D');
insert into SuatChieu values (N'SC01468', '17:15:00', '19:15:00', '2023-08-11', N'PH0010', 5, N'3D');
insert into SuatChieu values (N'SC01469', '19:30:00', '21:30:00', '2023-08-11', N'PH0010', 5, N'4DX');
insert into SuatChieu values (N'SC01470', '21:45:00', '23:45:00', '2023-08-11', N'PH0010', 5, N'2D');
insert into SuatChieu values (N'SC01471', '08:15:00', '10:15:00', '2023-08-12', N'PH0006', 1, N'2D');
insert into SuatChieu values (N'SC01472', '10:30:00', '12:30:00', '2023-08-12', N'PH0006', 1, N'3D');
insert into SuatChieu values (N'SC01473', '12:45:00', '14:45:00', '2023-08-12', N'PH0006', 1, N'IMAX');
insert into SuatChieu values (N'SC01474', '15:00:00', '17:00:00', '2023-08-12', N'PH0006', 1, N'2D');
insert into SuatChieu values (N'SC01475', '17:15:00', '19:15:00', '2023-08-12', N'PH0006', 1, N'3D');
insert into SuatChieu values (N'SC01476', '19:30:00', '21:30:00', '2023-08-12', N'PH0006', 1, N'4DX');
insert into SuatChieu values (N'SC01477', '21:45:00', '23:45:00', '2023-08-12', N'PH0006', 1, N'2D');
insert into SuatChieu values (N'SC01478', '08:15:00', '10:15:00', '2023-08-12', N'PH0007', 2, N'2D');
insert into SuatChieu values (N'SC01479', '10:30:00', '12:30:00', '2023-08-12', N'PH0007', 2, N'3D');
insert into SuatChieu values (N'SC01480', '12:45:00', '14:45:00', '2023-08-12', N'PH0007', 2, N'IMAX');
insert into SuatChieu values (N'SC01481', '15:00:00', '17:00:00', '2023-08-12', N'PH0007', 2, N'2D');
insert into SuatChieu values (N'SC01482', '17:15:00', '19:15:00', '2023-08-12', N'PH0007', 2, N'3D');
insert into SuatChieu values (N'SC01483', '19:30:00', '21:30:00', '2023-08-12', N'PH0007', 2, N'4DX');
insert into SuatChieu values (N'SC01484', '21:45:00', '23:45:00', '2023-08-12', N'PH0007', 2, N'2D');
insert into SuatChieu values (N'SC01485', '08:15:00', '10:15:00', '2023-08-12', N'PH0008', 3, N'2D');
insert into SuatChieu values (N'SC01486', '10:30:00', '12:30:00', '2023-08-12', N'PH0008', 3, N'3D');
insert into SuatChieu values (N'SC01487', '12:45:00', '14:45:00', '2023-08-12', N'PH0008', 3, N'IMAX');
insert into SuatChieu values (N'SC01488', '15:00:00', '17:00:00', '2023-08-12', N'PH0008', 3, N'2D');
insert into SuatChieu values (N'SC01489', '17:15:00', '19:15:00', '2023-08-12', N'PH0008', 3, N'3D');
insert into SuatChieu values (N'SC01490', '19:30:00', '21:30:00', '2023-08-12', N'PH0008', 3, N'4DX');
insert into SuatChieu values (N'SC01491', '21:45:00', '23:45:00', '2023-08-12', N'PH0008', 3, N'2D');
insert into SuatChieu values (N'SC01492', '08:15:00', '10:15:00', '2023-08-12', N'PH0009', 4, N'2D');
insert into SuatChieu values (N'SC01493', '10:30:00', '12:30:00', '2023-08-12', N'PH0009', 4, N'3D');
insert into SuatChieu values (N'SC01494', '12:45:00', '14:45:00', '2023-08-12', N'PH0009', 4, N'IMAX');
insert into SuatChieu values (N'SC01495', '15:00:00', '17:00:00', '2023-08-12', N'PH0009', 4, N'2D');
insert into SuatChieu values (N'SC01496', '17:15:00', '19:15:00', '2023-08-12', N'PH0009', 4, N'3D');
insert into SuatChieu values (N'SC01497', '19:30:00', '21:30:00', '2023-08-12', N'PH0009', 4, N'4DX');
insert into SuatChieu values (N'SC01498', '21:45:00', '23:45:00', '2023-08-12', N'PH0009', 4, N'2D');
insert into SuatChieu values (N'SC01499', '08:15:00', '10:15:00', '2023-08-12', N'PH0010', 5, N'2D');
insert into SuatChieu values (N'SC01500', '10:30:00', '12:30:00', '2023-08-12', N'PH0010', 5, N'3D');
insert into SuatChieu values (N'SC01501', '12:45:00', '14:45:00', '2023-08-12', N'PH0010', 5, N'IMAX');
insert into SuatChieu values (N'SC01502', '15:00:00', '17:00:00', '2023-08-12', N'PH0010', 5, N'2D');
insert into SuatChieu values (N'SC01503', '17:15:00', '19:15:00', '2023-08-12', N'PH0010', 5, N'3D');
insert into SuatChieu values (N'SC01504', '19:30:00', '21:30:00', '2023-08-12', N'PH0010', 5, N'4DX');
insert into SuatChieu values (N'SC01505', '21:45:00', '23:45:00', '2023-08-12', N'PH0010', 5, N'2D');
insert into SuatChieu values (N'SC01506', '08:15:00', '10:15:00', '2023-08-13', N'PH0006', 1, N'2D');
insert into SuatChieu values (N'SC01507', '10:30:00', '12:30:00', '2023-08-13', N'PH0006', 1, N'3D');
insert into SuatChieu values (N'SC01508', '12:45:00', '14:45:00', '2023-08-13', N'PH0006', 1, N'IMAX');
insert into SuatChieu values (N'SC01509', '15:00:00', '17:00:00', '2023-08-13', N'PH0006', 1, N'2D');
insert into SuatChieu values (N'SC01510', '17:15:00', '19:15:00', '2023-08-13', N'PH0006', 1, N'3D');
insert into SuatChieu values (N'SC01511', '19:30:00', '21:30:00', '2023-08-13', N'PH0006', 1, N'4DX');
insert into SuatChieu values (N'SC01512', '21:45:00', '23:45:00', '2023-08-13', N'PH0006', 1, N'2D');
insert into SuatChieu values (N'SC01513', '08:15:00', '10:15:00', '2023-08-13', N'PH0007', 2, N'2D');
insert into SuatChieu values (N'SC01514', '10:30:00', '12:30:00', '2023-08-13', N'PH0007', 2, N'3D');
insert into SuatChieu values (N'SC01515', '12:45:00', '14:45:00', '2023-08-13', N'PH0007', 2, N'IMAX');
insert into SuatChieu values (N'SC01516', '15:00:00', '17:00:00', '2023-08-13', N'PH0007', 2, N'2D');
insert into SuatChieu values (N'SC01517', '17:15:00', '19:15:00', '2023-08-13', N'PH0007', 2, N'3D');
insert into SuatChieu values (N'SC01518', '19:30:00', '21:30:00', '2023-08-13', N'PH0007', 2, N'4DX');
insert into SuatChieu values (N'SC01519', '21:45:00', '23:45:00', '2023-08-13', N'PH0007', 2, N'2D');
insert into SuatChieu values (N'SC01520', '08:15:00', '10:15:00', '2023-08-13', N'PH0008', 3, N'2D');
insert into SuatChieu values (N'SC01521', '10:30:00', '12:30:00', '2023-08-13', N'PH0008', 3, N'3D');
insert into SuatChieu values (N'SC01522', '12:45:00', '14:45:00', '2023-08-13', N'PH0008', 3, N'IMAX');
insert into SuatChieu values (N'SC01523', '15:00:00', '17:00:00', '2023-08-13', N'PH0008', 3, N'2D');
insert into SuatChieu values (N'SC01524', '17:15:00', '19:15:00', '2023-08-13', N'PH0008', 3, N'3D');
insert into SuatChieu values (N'SC01525', '19:30:00', '21:30:00', '2023-08-13', N'PH0008', 3, N'4DX');
insert into SuatChieu values (N'SC01526', '21:45:00', '23:45:00', '2023-08-13', N'PH0008', 3, N'2D');
insert into SuatChieu values (N'SC01527', '08:15:00', '10:15:00', '2023-08-13', N'PH0009', 4, N'2D');
insert into SuatChieu values (N'SC01528', '10:30:00', '12:30:00', '2023-08-13', N'PH0009', 4, N'3D');
insert into SuatChieu values (N'SC01529', '12:45:00', '14:45:00', '2023-08-13', N'PH0009', 4, N'IMAX');
insert into SuatChieu values (N'SC01530', '15:00:00', '17:00:00', '2023-08-13', N'PH0009', 4, N'2D');
insert into SuatChieu values (N'SC01531', '17:15:00', '19:15:00', '2023-08-13', N'PH0009', 4, N'3D');
insert into SuatChieu values (N'SC01532', '19:30:00', '21:30:00', '2023-08-13', N'PH0009', 4, N'4DX');
insert into SuatChieu values (N'SC01533', '21:45:00', '23:45:00', '2023-08-13', N'PH0009', 4, N'2D');
insert into SuatChieu values (N'SC01534', '08:15:00', '10:15:00', '2023-08-13', N'PH0010', 5, N'2D');
insert into SuatChieu values (N'SC01535', '10:30:00', '12:30:00', '2023-08-13', N'PH0010', 5, N'3D');
insert into SuatChieu values (N'SC01536', '12:45:00', '14:45:00', '2023-08-13', N'PH0010', 5, N'IMAX');
insert into SuatChieu values (N'SC01537', '15:00:00', '17:00:00', '2023-08-13', N'PH0010', 5, N'2D');
insert into SuatChieu values (N'SC01538', '17:15:00', '19:15:00', '2023-08-13', N'PH0010', 5, N'3D');
insert into SuatChieu values (N'SC01539', '19:30:00', '21:30:00', '2023-08-13', N'PH0010', 5, N'4DX');
insert into SuatChieu values (N'SC01540', '21:45:00', '23:45:00', '2023-08-13', N'PH0010', 5, N'2D');
insert into SuatChieu values (N'SC01541', '08:15:00', '10:15:00', '2023-08-14', N'PH0006', 1, N'2D');
insert into SuatChieu values (N'SC01542', '10:30:00', '12:30:00', '2023-08-14', N'PH0006', 1, N'3D');
insert into SuatChieu values (N'SC01543', '12:45:00', '14:45:00', '2023-08-14', N'PH0006', 1, N'IMAX');
insert into SuatChieu values (N'SC01544', '15:00:00', '17:00:00', '2023-08-14', N'PH0006', 1, N'2D');
insert into SuatChieu values (N'SC01545', '17:15:00', '19:15:00', '2023-08-14', N'PH0006', 1, N'3D');
insert into SuatChieu values (N'SC01546', '19:30:00', '21:30:00', '2023-08-14', N'PH0006', 1, N'4DX');
insert into SuatChieu values (N'SC01547', '21:45:00', '23:45:00', '2023-08-14', N'PH0006', 1, N'2D');
insert into SuatChieu values (N'SC01548', '08:15:00', '10:15:00', '2023-08-14', N'PH0007', 2, N'2D');
insert into SuatChieu values (N'SC01549', '10:30:00', '12:30:00', '2023-08-14', N'PH0007', 2, N'3D');
insert into SuatChieu values (N'SC01550', '12:45:00', '14:45:00', '2023-08-14', N'PH0007', 2, N'IMAX');
insert into SuatChieu values (N'SC01551', '15:00:00', '17:00:00', '2023-08-14', N'PH0007', 2, N'2D');
insert into SuatChieu values (N'SC01552', '17:15:00', '19:15:00', '2023-08-14', N'PH0007', 2, N'3D');
insert into SuatChieu values (N'SC01553', '19:30:00', '21:30:00', '2023-08-14', N'PH0007', 2, N'4DX');
insert into SuatChieu values (N'SC01554', '21:45:00', '23:45:00', '2023-08-14', N'PH0007', 2, N'2D');
insert into SuatChieu values (N'SC01555', '08:15:00', '10:15:00', '2023-08-14', N'PH0008', 3, N'2D');
insert into SuatChieu values (N'SC01556', '10:30:00', '12:30:00', '2023-08-14', N'PH0008', 3, N'3D');
insert into SuatChieu values (N'SC01557', '12:45:00', '14:45:00', '2023-08-14', N'PH0008', 3, N'IMAX');
insert into SuatChieu values (N'SC01558', '15:00:00', '17:00:00', '2023-08-14', N'PH0008', 3, N'2D');
insert into SuatChieu values (N'SC01559', '17:15:00', '19:15:00', '2023-08-14', N'PH0008', 3, N'3D');
insert into SuatChieu values (N'SC01560', '19:30:00', '21:30:00', '2023-08-14', N'PH0008', 3, N'4DX');
insert into SuatChieu values (N'SC01561', '21:45:00', '23:45:00', '2023-08-14', N'PH0008', 3, N'2D');
insert into SuatChieu values (N'SC01562', '08:15:00', '10:15:00', '2023-08-14', N'PH0009', 4, N'2D');
insert into SuatChieu values (N'SC01563', '10:30:00', '12:30:00', '2023-08-14', N'PH0009', 4, N'3D');
insert into SuatChieu values (N'SC01564', '12:45:00', '14:45:00', '2023-08-14', N'PH0009', 4, N'IMAX');
insert into SuatChieu values (N'SC01565', '15:00:00', '17:00:00', '2023-08-14', N'PH0009', 4, N'2D');
insert into SuatChieu values (N'SC01566', '17:15:00', '19:15:00', '2023-08-14', N'PH0009', 4, N'3D');
insert into SuatChieu values (N'SC01567', '19:30:00', '21:30:00', '2023-08-14', N'PH0009', 4, N'4DX');
insert into SuatChieu values (N'SC01568', '21:45:00', '23:45:00', '2023-08-14', N'PH0009', 4, N'2D');
insert into SuatChieu values (N'SC01569', '08:15:00', '10:15:00', '2023-08-14', N'PH0010', 5, N'2D');
insert into SuatChieu values (N'SC01570', '10:30:00', '12:30:00', '2023-08-14', N'PH0010', 5, N'3D');
insert into SuatChieu values (N'SC01571', '12:45:00', '14:45:00', '2023-08-14', N'PH0010', 5, N'IMAX');
insert into SuatChieu values (N'SC01572', '15:00:00', '17:00:00', '2023-08-14', N'PH0010', 5, N'2D');
insert into SuatChieu values (N'SC01573', '17:15:00', '19:15:00', '2023-08-14', N'PH0010', 5, N'3D');
insert into SuatChieu values (N'SC01574', '19:30:00', '21:30:00', '2023-08-14', N'PH0010', 5, N'4DX');
insert into SuatChieu values (N'SC01575', '21:45:00', '23:45:00', '2023-08-14', N'PH0010', 5, N'2D');
insert into SuatChieu values (N'SC01576', '08:15:00', '10:15:00', '2023-08-15', N'PH0006', 1, N'2D');
insert into SuatChieu values (N'SC01577', '10:30:00', '12:30:00', '2023-08-15', N'PH0006', 1, N'3D');
insert into SuatChieu values (N'SC01578', '12:45:00', '14:45:00', '2023-08-15', N'PH0006', 1, N'IMAX');
insert into SuatChieu values (N'SC01579', '15:00:00', '17:00:00', '2023-08-15', N'PH0006', 1, N'2D');
insert into SuatChieu values (N'SC01580', '17:15:00', '19:15:00', '2023-08-15', N'PH0006', 1, N'3D');
insert into SuatChieu values (N'SC01581', '19:30:00', '21:30:00', '2023-08-15', N'PH0006', 1, N'4DX');
insert into SuatChieu values (N'SC01582', '21:45:00', '23:45:00', '2023-08-15', N'PH0006', 1, N'2D');
insert into SuatChieu values (N'SC01583', '08:15:00', '10:15:00', '2023-08-15', N'PH0007', 2, N'2D');
insert into SuatChieu values (N'SC01584', '10:30:00', '12:30:00', '2023-08-15', N'PH0007', 2, N'3D');
insert into SuatChieu values (N'SC01585', '12:45:00', '14:45:00', '2023-08-15', N'PH0007', 2, N'IMAX');
insert into SuatChieu values (N'SC01586', '15:00:00', '17:00:00', '2023-08-15', N'PH0007', 2, N'2D');
insert into SuatChieu values (N'SC01587', '17:15:00', '19:15:00', '2023-08-15', N'PH0007', 2, N'3D');
insert into SuatChieu values (N'SC01588', '19:30:00', '21:30:00', '2023-08-15', N'PH0007', 2, N'4DX');
insert into SuatChieu values (N'SC01589', '21:45:00', '23:45:00', '2023-08-15', N'PH0007', 2, N'2D');
insert into SuatChieu values (N'SC01590', '08:15:00', '10:15:00', '2023-08-15', N'PH0008', 3, N'2D');
insert into SuatChieu values (N'SC01591', '10:30:00', '12:30:00', '2023-08-15', N'PH0008', 3, N'3D');
insert into SuatChieu values (N'SC01592', '12:45:00', '14:45:00', '2023-08-15', N'PH0008', 3, N'IMAX');
insert into SuatChieu values (N'SC01593', '15:00:00', '17:00:00', '2023-08-15', N'PH0008', 3, N'2D');
insert into SuatChieu values (N'SC01594', '17:15:00', '19:15:00', '2023-08-15', N'PH0008', 3, N'3D');
insert into SuatChieu values (N'SC01595', '19:30:00', '21:30:00', '2023-08-15', N'PH0008', 3, N'4DX');
insert into SuatChieu values (N'SC01596', '21:45:00', '23:45:00', '2023-08-15', N'PH0008', 3, N'2D');
insert into SuatChieu values (N'SC01597', '08:15:00', '10:15:00', '2023-08-15', N'PH0009', 4, N'2D');
insert into SuatChieu values (N'SC01598', '10:30:00', '12:30:00', '2023-08-15', N'PH0009', 4, N'3D');
insert into SuatChieu values (N'SC01599', '12:45:00', '14:45:00', '2023-08-15', N'PH0009', 4, N'IMAX');
insert into SuatChieu values (N'SC01600', '15:00:00', '17:00:00', '2023-08-15', N'PH0009', 4, N'2D');
insert into SuatChieu values (N'SC01601', '17:15:00', '19:15:00', '2023-08-15', N'PH0009', 4, N'3D');
insert into SuatChieu values (N'SC01602', '19:30:00', '21:30:00', '2023-08-15', N'PH0009', 4, N'4DX');
insert into SuatChieu values (N'SC01603', '21:45:00', '23:45:00', '2023-08-15', N'PH0009', 4, N'2D');
insert into SuatChieu values (N'SC01604', '08:15:00', '10:15:00', '2023-08-15', N'PH0010', 5, N'2D');
insert into SuatChieu values (N'SC01605', '10:30:00', '12:30:00', '2023-08-15', N'PH0010', 5, N'3D');
insert into SuatChieu values (N'SC01606', '12:45:00', '14:45:00', '2023-08-15', N'PH0010', 5, N'IMAX');
insert into SuatChieu values (N'SC01607', '15:00:00', '17:00:00', '2023-08-15', N'PH0010', 5, N'2D');
insert into SuatChieu values (N'SC01608', '17:15:00', '19:15:00', '2023-08-15', N'PH0010', 5, N'3D');
insert into SuatChieu values (N'SC01609', '19:30:00', '21:30:00', '2023-08-15', N'PH0010', 5, N'4DX');
insert into SuatChieu values (N'SC01610', '21:45:00', '23:45:00', '2023-08-15', N'PH0010', 5, N'2D');
insert into SuatChieu values (N'SC01611', '08:15:00', '10:15:00', '2023-08-16', N'PH0006', 1, N'2D');
insert into SuatChieu values (N'SC01612', '10:30:00', '12:30:00', '2023-08-16', N'PH0006', 1, N'3D');
insert into SuatChieu values (N'SC01613', '12:45:00', '14:45:00', '2023-08-16', N'PH0006', 1, N'IMAX');
insert into SuatChieu values (N'SC01614', '15:00:00', '17:00:00', '2023-08-16', N'PH0006', 1, N'2D');
insert into SuatChieu values (N'SC01615', '17:15:00', '19:15:00', '2023-08-16', N'PH0006', 1, N'3D');
insert into SuatChieu values (N'SC01616', '19:30:00', '21:30:00', '2023-08-16', N'PH0006', 1, N'4DX');
insert into SuatChieu values (N'SC01617', '21:45:00', '23:45:00', '2023-08-16', N'PH0006', 1, N'2D');
insert into SuatChieu values (N'SC01618', '08:15:00', '10:15:00', '2023-08-16', N'PH0007', 2, N'2D');
insert into SuatChieu values (N'SC01619', '10:30:00', '12:30:00', '2023-08-16', N'PH0007', 2, N'3D');
insert into SuatChieu values (N'SC01620', '12:45:00', '14:45:00', '2023-08-16', N'PH0007', 2, N'IMAX');
insert into SuatChieu values (N'SC01621', '15:00:00', '17:00:00', '2023-08-16', N'PH0007', 2, N'2D');
insert into SuatChieu values (N'SC01622', '17:15:00', '19:15:00', '2023-08-16', N'PH0007', 2, N'3D');
insert into SuatChieu values (N'SC01623', '19:30:00', '21:30:00', '2023-08-16', N'PH0007', 2, N'4DX');
insert into SuatChieu values (N'SC01624', '21:45:00', '23:45:00', '2023-08-16', N'PH0007', 2, N'2D');
insert into SuatChieu values (N'SC01625', '08:15:00', '10:15:00', '2023-08-16', N'PH0008', 3, N'2D');
insert into SuatChieu values (N'SC01626', '10:30:00', '12:30:00', '2023-08-16', N'PH0008', 3, N'3D');
insert into SuatChieu values (N'SC01627', '12:45:00', '14:45:00', '2023-08-16', N'PH0008', 3, N'IMAX');
insert into SuatChieu values (N'SC01628', '15:00:00', '17:00:00', '2023-08-16', N'PH0008', 3, N'2D');
insert into SuatChieu values (N'SC01629', '17:15:00', '19:15:00', '2023-08-16', N'PH0008', 3, N'3D');
insert into SuatChieu values (N'SC01630', '19:30:00', '21:30:00', '2023-08-16', N'PH0008', 3, N'4DX');
insert into SuatChieu values (N'SC01631', '21:45:00', '23:45:00', '2023-08-16', N'PH0008', 3, N'2D');
insert into SuatChieu values (N'SC01632', '08:15:00', '10:15:00', '2023-08-16', N'PH0009', 4, N'2D');
insert into SuatChieu values (N'SC01633', '10:30:00', '12:30:00', '2023-08-16', N'PH0009', 4, N'3D');
insert into SuatChieu values (N'SC01634', '12:45:00', '14:45:00', '2023-08-16', N'PH0009', 4, N'IMAX');
insert into SuatChieu values (N'SC01635', '15:00:00', '17:00:00', '2023-08-16', N'PH0009', 4, N'2D');
insert into SuatChieu values (N'SC01636', '17:15:00', '19:15:00', '2023-08-16', N'PH0009', 4, N'3D');
insert into SuatChieu values (N'SC01637', '19:30:00', '21:30:00', '2023-08-16', N'PH0009', 4, N'4DX');
insert into SuatChieu values (N'SC01638', '21:45:00', '23:45:00', '2023-08-16', N'PH0009', 4, N'2D');
insert into SuatChieu values (N'SC01639', '08:15:00', '10:15:00', '2023-08-16', N'PH0010', 5, N'2D');
insert into SuatChieu values (N'SC01640', '10:30:00', '12:30:00', '2023-08-16', N'PH0010', 5, N'3D');
insert into SuatChieu values (N'SC01641', '12:45:00', '14:45:00', '2023-08-16', N'PH0010', 5, N'IMAX');
insert into SuatChieu values (N'SC01642', '15:00:00', '17:00:00', '2023-08-16', N'PH0010', 5, N'2D');
insert into SuatChieu values (N'SC01643', '17:15:00', '19:15:00', '2023-08-16', N'PH0010', 5, N'3D');
insert into SuatChieu values (N'SC01644', '19:30:00', '21:30:00', '2023-08-16', N'PH0010', 5, N'4DX');
insert into SuatChieu values (N'SC01645', '21:45:00', '23:45:00', '2023-08-16', N'PH0010', 5, N'2D');
insert into SuatChieu values (N'SC01646', '08:15:00', '10:15:00', '2023-08-17', N'PH0006', 1, N'2D');
insert into SuatChieu values (N'SC01647', '10:30:00', '12:30:00', '2023-08-17', N'PH0006', 1, N'3D');
insert into SuatChieu values (N'SC01648', '12:45:00', '14:45:00', '2023-08-17', N'PH0006', 1, N'IMAX');
insert into SuatChieu values (N'SC01649', '15:00:00', '17:00:00', '2023-08-17', N'PH0006', 1, N'2D');
insert into SuatChieu values (N'SC01650', '17:15:00', '19:15:00', '2023-08-17', N'PH0006', 1, N'3D');
insert into SuatChieu values (N'SC01651', '19:30:00', '21:30:00', '2023-08-17', N'PH0006', 1, N'4DX');
insert into SuatChieu values (N'SC01652', '21:45:00', '23:45:00', '2023-08-17', N'PH0006', 1, N'2D');
insert into SuatChieu values (N'SC01653', '08:15:00', '10:15:00', '2023-08-17', N'PH0007', 2, N'2D');
insert into SuatChieu values (N'SC01654', '10:30:00', '12:30:00', '2023-08-17', N'PH0007', 2, N'3D');
insert into SuatChieu values (N'SC01655', '12:45:00', '14:45:00', '2023-08-17', N'PH0007', 2, N'IMAX');
insert into SuatChieu values (N'SC01656', '15:00:00', '17:00:00', '2023-08-17', N'PH0007', 2, N'2D');
insert into SuatChieu values (N'SC01657', '17:15:00', '19:15:00', '2023-08-17', N'PH0007', 2, N'3D');
insert into SuatChieu values (N'SC01658', '19:30:00', '21:30:00', '2023-08-17', N'PH0007', 2, N'4DX');
insert into SuatChieu values (N'SC01659', '21:45:00', '23:45:00', '2023-08-17', N'PH0007', 2, N'2D');
insert into SuatChieu values (N'SC01660', '08:15:00', '10:15:00', '2023-08-17', N'PH0008', 3, N'2D');
insert into SuatChieu values (N'SC01661', '10:30:00', '12:30:00', '2023-08-17', N'PH0008', 3, N'3D');
insert into SuatChieu values (N'SC01662', '12:45:00', '14:45:00', '2023-08-17', N'PH0008', 3, N'IMAX');
insert into SuatChieu values (N'SC01663', '15:00:00', '17:00:00', '2023-08-17', N'PH0008', 3, N'2D');
insert into SuatChieu values (N'SC01664', '17:15:00', '19:15:00', '2023-08-17', N'PH0008', 3, N'3D');
insert into SuatChieu values (N'SC01665', '19:30:00', '21:30:00', '2023-08-17', N'PH0008', 3, N'4DX');
insert into SuatChieu values (N'SC01666', '21:45:00', '23:45:00', '2023-08-17', N'PH0008', 3, N'2D');
insert into SuatChieu values (N'SC01667', '08:15:00', '10:15:00', '2023-08-17', N'PH0009', 4, N'2D');
insert into SuatChieu values (N'SC01668', '10:30:00', '12:30:00', '2023-08-17', N'PH0009', 4, N'3D');
insert into SuatChieu values (N'SC01669', '12:45:00', '14:45:00', '2023-08-17', N'PH0009', 4, N'IMAX');
insert into SuatChieu values (N'SC01670', '15:00:00', '17:00:00', '2023-08-17', N'PH0009', 4, N'2D');
insert into SuatChieu values (N'SC01671', '17:15:00', '19:15:00', '2023-08-17', N'PH0009', 4, N'3D');
insert into SuatChieu values (N'SC01672', '19:30:00', '21:30:00', '2023-08-17', N'PH0009', 4, N'4DX');
insert into SuatChieu values (N'SC01673', '21:45:00', '23:45:00', '2023-08-17', N'PH0009', 4, N'2D');
insert into SuatChieu values (N'SC01674', '08:15:00', '10:15:00', '2023-08-17', N'PH0010', 5, N'2D');
insert into SuatChieu values (N'SC01675', '10:30:00', '12:30:00', '2023-08-17', N'PH0010', 5, N'3D');
insert into SuatChieu values (N'SC01676', '12:45:00', '14:45:00', '2023-08-17', N'PH0010', 5, N'IMAX');
insert into SuatChieu values (N'SC01677', '15:00:00', '17:00:00', '2023-08-17', N'PH0010', 5, N'2D');
insert into SuatChieu values (N'SC01678', '17:15:00', '19:15:00', '2023-08-17', N'PH0010', 5, N'3D');
insert into SuatChieu values (N'SC01679', '19:30:00', '21:30:00', '2023-08-17', N'PH0010', 5, N'4DX');
insert into SuatChieu values (N'SC01680', '21:45:00', '23:45:00', '2023-08-17', N'PH0010', 5, N'2D');
insert into SuatChieu values (N'SC01681', '08:15:00', '10:15:00', '2023-08-18', N'PH0006', 1, N'2D');
insert into SuatChieu values (N'SC01682', '10:30:00', '12:30:00', '2023-08-18', N'PH0006', 1, N'3D');
insert into SuatChieu values (N'SC01683', '12:45:00', '14:45:00', '2023-08-18', N'PH0006', 1, N'IMAX');
insert into SuatChieu values (N'SC01684', '15:00:00', '17:00:00', '2023-08-18', N'PH0006', 1, N'2D');
insert into SuatChieu values (N'SC01685', '17:15:00', '19:15:00', '2023-08-18', N'PH0006', 1, N'3D');
insert into SuatChieu values (N'SC01686', '19:30:00', '21:30:00', '2023-08-18', N'PH0006', 1, N'4DX');
insert into SuatChieu values (N'SC01687', '21:45:00', '23:45:00', '2023-08-18', N'PH0006', 1, N'2D');
insert into SuatChieu values (N'SC01688', '08:15:00', '10:15:00', '2023-08-18', N'PH0007', 2, N'2D');
insert into SuatChieu values (N'SC01689', '10:30:00', '12:30:00', '2023-08-18', N'PH0007', 2, N'3D');
insert into SuatChieu values (N'SC01690', '12:45:00', '14:45:00', '2023-08-18', N'PH0007', 2, N'IMAX');
insert into SuatChieu values (N'SC01691', '15:00:00', '17:00:00', '2023-08-18', N'PH0007', 2, N'2D');
insert into SuatChieu values (N'SC01692', '17:15:00', '19:15:00', '2023-08-18', N'PH0007', 2, N'3D');
insert into SuatChieu values (N'SC01693', '19:30:00', '21:30:00', '2023-08-18', N'PH0007', 2, N'4DX');
insert into SuatChieu values (N'SC01694', '21:45:00', '23:45:00', '2023-08-18', N'PH0007', 2, N'2D');
insert into SuatChieu values (N'SC01695', '08:15:00', '10:15:00', '2023-08-18', N'PH0008', 3, N'2D');
insert into SuatChieu values (N'SC01696', '10:30:00', '12:30:00', '2023-08-18', N'PH0008', 3, N'3D');
insert into SuatChieu values (N'SC01697', '12:45:00', '14:45:00', '2023-08-18', N'PH0008', 3, N'IMAX');
insert into SuatChieu values (N'SC01698', '15:00:00', '17:00:00', '2023-08-18', N'PH0008', 3, N'2D');
insert into SuatChieu values (N'SC01699', '17:15:00', '19:15:00', '2023-08-18', N'PH0008', 3, N'3D');
insert into SuatChieu values (N'SC01700', '19:30:00', '21:30:00', '2023-08-18', N'PH0008', 3, N'4DX');
insert into SuatChieu values (N'SC01701', '21:45:00', '23:45:00', '2023-08-18', N'PH0008', 3, N'2D');
insert into SuatChieu values (N'SC01702', '08:15:00', '10:15:00', '2023-08-18', N'PH0009', 4, N'2D');
insert into SuatChieu values (N'SC01703', '10:30:00', '12:30:00', '2023-08-18', N'PH0009', 4, N'3D');
insert into SuatChieu values (N'SC01704', '12:45:00', '14:45:00', '2023-08-18', N'PH0009', 4, N'IMAX');
insert into SuatChieu values (N'SC01705', '15:00:00', '17:00:00', '2023-08-18', N'PH0009', 4, N'2D');
insert into SuatChieu values (N'SC01706', '17:15:00', '19:15:00', '2023-08-18', N'PH0009', 4, N'3D');
insert into SuatChieu values (N'SC01707', '19:30:00', '21:30:00', '2023-08-18', N'PH0009', 4, N'4DX');
insert into SuatChieu values (N'SC01708', '21:45:00', '23:45:00', '2023-08-18', N'PH0009', 4, N'2D');
insert into SuatChieu values (N'SC01709', '08:15:00', '10:15:00', '2023-08-18', N'PH0010', 5, N'2D');
insert into SuatChieu values (N'SC01710', '10:30:00', '12:30:00', '2023-08-18', N'PH0010', 5, N'3D');
insert into SuatChieu values (N'SC01711', '12:45:00', '14:45:00', '2023-08-18', N'PH0010', 5, N'IMAX');
insert into SuatChieu values (N'SC01712', '15:00:00', '17:00:00', '2023-08-18', N'PH0010', 5, N'2D');
insert into SuatChieu values (N'SC01713', '17:15:00', '19:15:00', '2023-08-18', N'PH0010', 5, N'3D');
insert into SuatChieu values (N'SC01714', '19:30:00', '21:30:00', '2023-08-18', N'PH0010', 5, N'4DX');
insert into SuatChieu values (N'SC01715', '21:45:00', '23:45:00', '2023-08-18', N'PH0010', 5, N'2D');
insert into SuatChieu values (N'SC01716', '08:15:00', '10:15:00', '2023-08-19', N'PH0006', 1, N'2D');
insert into SuatChieu values (N'SC01717', '10:30:00', '12:30:00', '2023-08-19', N'PH0006', 1, N'3D');
insert into SuatChieu values (N'SC01718', '12:45:00', '14:45:00', '2023-08-19', N'PH0006', 1, N'IMAX');
insert into SuatChieu values (N'SC01719', '15:00:00', '17:00:00', '2023-08-19', N'PH0006', 1, N'2D');
insert into SuatChieu values (N'SC01720', '17:15:00', '19:15:00', '2023-08-19', N'PH0006', 1, N'3D');
insert into SuatChieu values (N'SC01721', '19:30:00', '21:30:00', '2023-08-19', N'PH0006', 1, N'4DX');
insert into SuatChieu values (N'SC01722', '21:45:00', '23:45:00', '2023-08-19', N'PH0006', 1, N'2D');
insert into SuatChieu values (N'SC01723', '08:15:00', '10:15:00', '2023-08-19', N'PH0007', 2, N'2D');
insert into SuatChieu values (N'SC01724', '10:30:00', '12:30:00', '2023-08-19', N'PH0007', 2, N'3D');
insert into SuatChieu values (N'SC01725', '12:45:00', '14:45:00', '2023-08-19', N'PH0007', 2, N'IMAX');
insert into SuatChieu values (N'SC01726', '15:00:00', '17:00:00', '2023-08-19', N'PH0007', 2, N'2D');
insert into SuatChieu values (N'SC01727', '17:15:00', '19:15:00', '2023-08-19', N'PH0007', 2, N'3D');
insert into SuatChieu values (N'SC01728', '19:30:00', '21:30:00', '2023-08-19', N'PH0007', 2, N'4DX');
insert into SuatChieu values (N'SC01729', '21:45:00', '23:45:00', '2023-08-19', N'PH0007', 2, N'2D');
insert into SuatChieu values (N'SC01730', '08:15:00', '10:15:00', '2023-08-19', N'PH0008', 3, N'2D');
insert into SuatChieu values (N'SC01731', '10:30:00', '12:30:00', '2023-08-19', N'PH0008', 3, N'3D');
insert into SuatChieu values (N'SC01732', '12:45:00', '14:45:00', '2023-08-19', N'PH0008', 3, N'IMAX');
insert into SuatChieu values (N'SC01733', '15:00:00', '17:00:00', '2023-08-19', N'PH0008', 3, N'2D');
insert into SuatChieu values (N'SC01734', '17:15:00', '19:15:00', '2023-08-19', N'PH0008', 3, N'3D');
insert into SuatChieu values (N'SC01735', '19:30:00', '21:30:00', '2023-08-19', N'PH0008', 3, N'4DX');
insert into SuatChieu values (N'SC01736', '21:45:00', '23:45:00', '2023-08-19', N'PH0008', 3, N'2D');
insert into SuatChieu values (N'SC01737', '08:15:00', '10:15:00', '2023-08-19', N'PH0009', 4, N'2D');
insert into SuatChieu values (N'SC01738', '10:30:00', '12:30:00', '2023-08-19', N'PH0009', 4, N'3D');
insert into SuatChieu values (N'SC01739', '12:45:00', '14:45:00', '2023-08-19', N'PH0009', 4, N'IMAX');
insert into SuatChieu values (N'SC01740', '15:00:00', '17:00:00', '2023-08-19', N'PH0009', 4, N'2D');
insert into SuatChieu values (N'SC01741', '17:15:00', '19:15:00', '2023-08-19', N'PH0009', 4, N'3D');
insert into SuatChieu values (N'SC01742', '19:30:00', '21:30:00', '2023-08-19', N'PH0009', 4, N'4DX');
insert into SuatChieu values (N'SC01743', '21:45:00', '23:45:00', '2023-08-19', N'PH0009', 4, N'2D');
insert into SuatChieu values (N'SC01744', '08:15:00', '10:15:00', '2023-08-19', N'PH0010', 5, N'2D');
insert into SuatChieu values (N'SC01745', '10:30:00', '12:30:00', '2023-08-19', N'PH0010', 5, N'3D');
insert into SuatChieu values (N'SC01746', '12:45:00', '14:45:00', '2023-08-19', N'PH0010', 5, N'IMAX');
insert into SuatChieu values (N'SC01747', '15:00:00', '17:00:00', '2023-08-19', N'PH0010', 5, N'2D');
insert into SuatChieu values (N'SC01748', '17:15:00', '19:15:00', '2023-08-19', N'PH0010', 5, N'3D');
insert into SuatChieu values (N'SC01749', '19:30:00', '21:30:00', '2023-08-19', N'PH0010', 5, N'4DX');
insert into SuatChieu values (N'SC01750', '21:45:00', '23:45:00', '2023-08-19', N'PH0010', 5, N'2D');
insert into SuatChieu values (N'SC01751', '08:15:00', '10:15:00', '2023-08-20', N'PH0006', 1, N'2D');
insert into SuatChieu values (N'SC01752', '10:30:00', '12:30:00', '2023-08-20', N'PH0006', 1, N'3D');
insert into SuatChieu values (N'SC01753', '12:45:00', '14:45:00', '2023-08-20', N'PH0006', 1, N'IMAX');
insert into SuatChieu values (N'SC01754', '15:00:00', '17:00:00', '2023-08-20', N'PH0006', 1, N'2D');
insert into SuatChieu values (N'SC01755', '17:15:00', '19:15:00', '2023-08-20', N'PH0006', 1, N'3D');
insert into SuatChieu values (N'SC01756', '19:30:00', '21:30:00', '2023-08-20', N'PH0006', 1, N'4DX');
insert into SuatChieu values (N'SC01757', '21:45:00', '23:45:00', '2023-08-20', N'PH0006', 1, N'2D');
insert into SuatChieu values (N'SC01758', '08:15:00', '10:15:00', '2023-08-20', N'PH0007', 2, N'2D');
insert into SuatChieu values (N'SC01759', '10:30:00', '12:30:00', '2023-08-20', N'PH0007', 2, N'3D');
insert into SuatChieu values (N'SC01760', '12:45:00', '14:45:00', '2023-08-20', N'PH0007', 2, N'IMAX');
insert into SuatChieu values (N'SC01761', '15:00:00', '17:00:00', '2023-08-20', N'PH0007', 2, N'2D');
insert into SuatChieu values (N'SC01762', '17:15:00', '19:15:00', '2023-08-20', N'PH0007', 2, N'3D');
insert into SuatChieu values (N'SC01763', '19:30:00', '21:30:00', '2023-08-20', N'PH0007', 2, N'4DX');
insert into SuatChieu values (N'SC01764', '21:45:00', '23:45:00', '2023-08-20', N'PH0007', 2, N'2D');
insert into SuatChieu values (N'SC01765', '08:15:00', '10:15:00', '2023-08-20', N'PH0008', 3, N'2D');
insert into SuatChieu values (N'SC01766', '10:30:00', '12:30:00', '2023-08-20', N'PH0008', 3, N'3D');
insert into SuatChieu values (N'SC01767', '12:45:00', '14:45:00', '2023-08-20', N'PH0008', 3, N'IMAX');
insert into SuatChieu values (N'SC01768', '15:00:00', '17:00:00', '2023-08-20', N'PH0008', 3, N'2D');
insert into SuatChieu values (N'SC01769', '17:15:00', '19:15:00', '2023-08-20', N'PH0008', 3, N'3D');
insert into SuatChieu values (N'SC01770', '19:30:00', '21:30:00', '2023-08-20', N'PH0008', 3, N'4DX');
insert into SuatChieu values (N'SC01771', '21:45:00', '23:45:00', '2023-08-20', N'PH0008', 3, N'2D');
insert into SuatChieu values (N'SC01772', '08:15:00', '10:15:00', '2023-08-20', N'PH0009', 4, N'2D');
insert into SuatChieu values (N'SC01773', '10:30:00', '12:30:00', '2023-08-20', N'PH0009', 4, N'3D');
insert into SuatChieu values (N'SC01774', '12:45:00', '14:45:00', '2023-08-20', N'PH0009', 4, N'IMAX');
insert into SuatChieu values (N'SC01775', '15:00:00', '17:00:00', '2023-08-20', N'PH0009', 4, N'2D');
insert into SuatChieu values (N'SC01776', '17:15:00', '19:15:00', '2023-08-20', N'PH0009', 4, N'3D');
insert into SuatChieu values (N'SC01777', '19:30:00', '21:30:00', '2023-08-20', N'PH0009', 4, N'4DX');
insert into SuatChieu values (N'SC01778', '21:45:00', '23:45:00', '2023-08-20', N'PH0009', 4, N'2D');
insert into SuatChieu values (N'SC01779', '08:15:00', '10:15:00', '2023-08-20', N'PH0010', 5, N'2D');
insert into SuatChieu values (N'SC01780', '10:30:00', '12:30:00', '2023-08-20', N'PH0010', 5, N'3D');
insert into SuatChieu values (N'SC01781', '12:45:00', '14:45:00', '2023-08-20', N'PH0010', 5, N'IMAX');
insert into SuatChieu values (N'SC01782', '15:00:00', '17:00:00', '2023-08-20', N'PH0010', 5, N'2D');
insert into SuatChieu values (N'SC01783', '17:15:00', '19:15:00', '2023-08-20', N'PH0010', 5, N'3D');
insert into SuatChieu values (N'SC01784', '19:30:00', '21:30:00', '2023-08-20', N'PH0010', 5, N'4DX');
insert into SuatChieu values (N'SC01785', '21:45:00', '23:45:00', '2023-08-20', N'PH0010', 5, N'2D');
insert into SuatChieu values (N'SC01786', '08:15:00', '10:15:00', '2023-08-21', N'PH0006', 1, N'2D');
insert into SuatChieu values (N'SC01787', '10:30:00', '12:30:00', '2023-08-21', N'PH0006', 1, N'3D');
insert into SuatChieu values (N'SC01788', '12:45:00', '14:45:00', '2023-08-21', N'PH0006', 1, N'IMAX');
insert into SuatChieu values (N'SC01789', '15:00:00', '17:00:00', '2023-08-21', N'PH0006', 1, N'2D');
insert into SuatChieu values (N'SC01790', '17:15:00', '19:15:00', '2023-08-21', N'PH0006', 1, N'3D');
insert into SuatChieu values (N'SC01791', '19:30:00', '21:30:00', '2023-08-21', N'PH0006', 1, N'4DX');
insert into SuatChieu values (N'SC01792', '21:45:00', '23:45:00', '2023-08-21', N'PH0006', 1, N'2D');
insert into SuatChieu values (N'SC01793', '08:15:00', '10:15:00', '2023-08-21', N'PH0007', 2, N'2D');
insert into SuatChieu values (N'SC01794', '10:30:00', '12:30:00', '2023-08-21', N'PH0007', 2, N'3D');
insert into SuatChieu values (N'SC01795', '12:45:00', '14:45:00', '2023-08-21', N'PH0007', 2, N'IMAX');
insert into SuatChieu values (N'SC01796', '15:00:00', '17:00:00', '2023-08-21', N'PH0007', 2, N'2D');
insert into SuatChieu values (N'SC01797', '17:15:00', '19:15:00', '2023-08-21', N'PH0007', 2, N'3D');
insert into SuatChieu values (N'SC01798', '19:30:00', '21:30:00', '2023-08-21', N'PH0007', 2, N'4DX');
insert into SuatChieu values (N'SC01799', '21:45:00', '23:45:00', '2023-08-21', N'PH0007', 2, N'2D');
insert into SuatChieu values (N'SC01800', '08:15:00', '10:15:00', '2023-08-21', N'PH0008', 3, N'2D');
insert into SuatChieu values (N'SC01801', '10:30:00', '12:30:00', '2023-08-21', N'PH0008', 3, N'3D');
insert into SuatChieu values (N'SC01802', '12:45:00', '14:45:00', '2023-08-21', N'PH0008', 3, N'IMAX');
insert into SuatChieu values (N'SC01803', '15:00:00', '17:00:00', '2023-08-21', N'PH0008', 3, N'2D');
insert into SuatChieu values (N'SC01804', '17:15:00', '19:15:00', '2023-08-21', N'PH0008', 3, N'3D');
insert into SuatChieu values (N'SC01805', '19:30:00', '21:30:00', '2023-08-21', N'PH0008', 3, N'4DX');
insert into SuatChieu values (N'SC01806', '21:45:00', '23:45:00', '2023-08-21', N'PH0008', 3, N'2D');
insert into SuatChieu values (N'SC01807', '08:15:00', '10:15:00', '2023-08-21', N'PH0009', 4, N'2D');
insert into SuatChieu values (N'SC01808', '10:30:00', '12:30:00', '2023-08-21', N'PH0009', 4, N'3D');
insert into SuatChieu values (N'SC01809', '12:45:00', '14:45:00', '2023-08-21', N'PH0009', 4, N'IMAX');
insert into SuatChieu values (N'SC01810', '15:00:00', '17:00:00', '2023-08-21', N'PH0009', 4, N'2D');
insert into SuatChieu values (N'SC01811', '17:15:00', '19:15:00', '2023-08-21', N'PH0009', 4, N'3D');
insert into SuatChieu values (N'SC01812', '19:30:00', '21:30:00', '2023-08-21', N'PH0009', 4, N'4DX');
insert into SuatChieu values (N'SC01813', '21:45:00', '23:45:00', '2023-08-21', N'PH0009', 4, N'2D');
insert into SuatChieu values (N'SC01814', '08:15:00', '10:15:00', '2023-08-21', N'PH0010', 5, N'2D');
insert into SuatChieu values (N'SC01815', '10:30:00', '12:30:00', '2023-08-21', N'PH0010', 5, N'3D');
insert into SuatChieu values (N'SC01816', '12:45:00', '14:45:00', '2023-08-21', N'PH0010', 5, N'IMAX');
insert into SuatChieu values (N'SC01817', '15:00:00', '17:00:00', '2023-08-21', N'PH0010', 5, N'2D');
insert into SuatChieu values (N'SC01818', '17:15:00', '19:15:00', '2023-08-21', N'PH0010', 5, N'3D');
insert into SuatChieu values (N'SC01819', '19:30:00', '21:30:00', '2023-08-21', N'PH0010', 5, N'4DX');
insert into SuatChieu values (N'SC01820', '21:45:00', '23:45:00', '2023-08-21', N'PH0010', 5, N'2D');
insert into SuatChieu values (N'SC01821', '08:15:00', '10:15:00', '2023-08-22', N'PH0006', 1, N'2D');
insert into SuatChieu values (N'SC01822', '10:30:00', '12:30:00', '2023-08-22', N'PH0006', 1, N'3D');
insert into SuatChieu values (N'SC01823', '12:45:00', '14:45:00', '2023-08-22', N'PH0006', 1, N'IMAX');
insert into SuatChieu values (N'SC01824', '15:00:00', '17:00:00', '2023-08-22', N'PH0006', 1, N'2D');
insert into SuatChieu values (N'SC01825', '17:15:00', '19:15:00', '2023-08-22', N'PH0006', 1, N'3D');
insert into SuatChieu values (N'SC01826', '19:30:00', '21:30:00', '2023-08-22', N'PH0006', 1, N'4DX');
insert into SuatChieu values (N'SC01827', '21:45:00', '23:45:00', '2023-08-22', N'PH0006', 1, N'2D');
insert into SuatChieu values (N'SC01828', '08:15:00', '10:15:00', '2023-08-22', N'PH0007', 2, N'2D');
insert into SuatChieu values (N'SC01829', '10:30:00', '12:30:00', '2023-08-22', N'PH0007', 2, N'3D');
insert into SuatChieu values (N'SC01830', '12:45:00', '14:45:00', '2023-08-22', N'PH0007', 2, N'IMAX');
insert into SuatChieu values (N'SC01831', '15:00:00', '17:00:00', '2023-08-22', N'PH0007', 2, N'2D');
insert into SuatChieu values (N'SC01832', '17:15:00', '19:15:00', '2023-08-22', N'PH0007', 2, N'3D');
insert into SuatChieu values (N'SC01833', '19:30:00', '21:30:00', '2023-08-22', N'PH0007', 2, N'4DX');
insert into SuatChieu values (N'SC01834', '21:45:00', '23:45:00', '2023-08-22', N'PH0007', 2, N'2D');
insert into SuatChieu values (N'SC01835', '08:15:00', '10:15:00', '2023-08-22', N'PH0008', 3, N'2D');
insert into SuatChieu values (N'SC01836', '10:30:00', '12:30:00', '2023-08-22', N'PH0008', 3, N'3D');
insert into SuatChieu values (N'SC01837', '12:45:00', '14:45:00', '2023-08-22', N'PH0008', 3, N'IMAX');
insert into SuatChieu values (N'SC01838', '15:00:00', '17:00:00', '2023-08-22', N'PH0008', 3, N'2D');
insert into SuatChieu values (N'SC01839', '17:15:00', '19:15:00', '2023-08-22', N'PH0008', 3, N'3D');
insert into SuatChieu values (N'SC01840', '19:30:00', '21:30:00', '2023-08-22', N'PH0008', 3, N'4DX');
insert into SuatChieu values (N'SC01841', '21:45:00', '23:45:00', '2023-08-22', N'PH0008', 3, N'2D');
insert into SuatChieu values (N'SC01842', '08:15:00', '10:15:00', '2023-08-22', N'PH0009', 4, N'2D');
insert into SuatChieu values (N'SC01843', '10:30:00', '12:30:00', '2023-08-22', N'PH0009', 4, N'3D');
insert into SuatChieu values (N'SC01844', '12:45:00', '14:45:00', '2023-08-22', N'PH0009', 4, N'IMAX');
insert into SuatChieu values (N'SC01845', '15:00:00', '17:00:00', '2023-08-22', N'PH0009', 4, N'2D');
insert into SuatChieu values (N'SC01846', '17:15:00', '19:15:00', '2023-08-22', N'PH0009', 4, N'3D');
insert into SuatChieu values (N'SC01847', '19:30:00', '21:30:00', '2023-08-22', N'PH0009', 4, N'4DX');
insert into SuatChieu values (N'SC01848', '21:45:00', '23:45:00', '2023-08-22', N'PH0009', 4, N'2D');
insert into SuatChieu values (N'SC01849', '08:15:00', '10:15:00', '2023-08-22', N'PH0010', 5, N'2D');
insert into SuatChieu values (N'SC01850', '10:30:00', '12:30:00', '2023-08-22', N'PH0010', 5, N'3D');
insert into SuatChieu values (N'SC01851', '12:45:00', '14:45:00', '2023-08-22', N'PH0010', 5, N'IMAX');
insert into SuatChieu values (N'SC01852', '15:00:00', '17:00:00', '2023-08-22', N'PH0010', 5, N'2D');
insert into SuatChieu values (N'SC01853', '17:15:00', '19:15:00', '2023-08-22', N'PH0010', 5, N'3D');
insert into SuatChieu values (N'SC01854', '19:30:00', '21:30:00', '2023-08-22', N'PH0010', 5, N'4DX');
insert into SuatChieu values (N'SC01855', '21:45:00', '23:45:00', '2023-08-22', N'PH0010', 5, N'2D');
insert into SuatChieu values (N'SC01856', '08:15:00', '10:15:00', '2023-08-23', N'PH0006', 1, N'2D');
insert into SuatChieu values (N'SC01857', '10:30:00', '12:30:00', '2023-08-23', N'PH0006', 1, N'3D');
insert into SuatChieu values (N'SC01858', '12:45:00', '14:45:00', '2023-08-23', N'PH0006', 1, N'IMAX');
insert into SuatChieu values (N'SC01859', '15:00:00', '17:00:00', '2023-08-23', N'PH0006', 1, N'2D');
insert into SuatChieu values (N'SC01860', '17:15:00', '19:15:00', '2023-08-23', N'PH0006', 1, N'3D');
insert into SuatChieu values (N'SC01861', '19:30:00', '21:30:00', '2023-08-23', N'PH0006', 1, N'4DX');
insert into SuatChieu values (N'SC01862', '21:45:00', '23:45:00', '2023-08-23', N'PH0006', 1, N'2D');
insert into SuatChieu values (N'SC01863', '08:15:00', '10:15:00', '2023-08-23', N'PH0007', 2, N'2D');
insert into SuatChieu values (N'SC01864', '10:30:00', '12:30:00', '2023-08-23', N'PH0007', 2, N'3D');
insert into SuatChieu values (N'SC01865', '12:45:00', '14:45:00', '2023-08-23', N'PH0007', 2, N'IMAX');
insert into SuatChieu values (N'SC01866', '15:00:00', '17:00:00', '2023-08-23', N'PH0007', 2, N'2D');
insert into SuatChieu values (N'SC01867', '17:15:00', '19:15:00', '2023-08-23', N'PH0007', 2, N'3D');
insert into SuatChieu values (N'SC01868', '19:30:00', '21:30:00', '2023-08-23', N'PH0007', 2, N'4DX');
insert into SuatChieu values (N'SC01869', '21:45:00', '23:45:00', '2023-08-23', N'PH0007', 2, N'2D');
insert into SuatChieu values (N'SC01870', '08:15:00', '10:15:00', '2023-08-23', N'PH0008', 3, N'2D');
insert into SuatChieu values (N'SC01871', '10:30:00', '12:30:00', '2023-08-23', N'PH0008', 3, N'3D');
insert into SuatChieu values (N'SC01872', '12:45:00', '14:45:00', '2023-08-23', N'PH0008', 3, N'IMAX');
insert into SuatChieu values (N'SC01873', '15:00:00', '17:00:00', '2023-08-23', N'PH0008', 3, N'2D');
insert into SuatChieu values (N'SC01874', '17:15:00', '19:15:00', '2023-08-23', N'PH0008', 3, N'3D');
insert into SuatChieu values (N'SC01875', '19:30:00', '21:30:00', '2023-08-23', N'PH0008', 3, N'4DX');
insert into SuatChieu values (N'SC01876', '21:45:00', '23:45:00', '2023-08-23', N'PH0008', 3, N'2D');
insert into SuatChieu values (N'SC01877', '08:15:00', '10:15:00', '2023-08-23', N'PH0009', 4, N'2D');
insert into SuatChieu values (N'SC01878', '10:30:00', '12:30:00', '2023-08-23', N'PH0009', 4, N'3D');
insert into SuatChieu values (N'SC01879', '12:45:00', '14:45:00', '2023-08-23', N'PH0009', 4, N'IMAX');
insert into SuatChieu values (N'SC01880', '15:00:00', '17:00:00', '2023-08-23', N'PH0009', 4, N'2D');
insert into SuatChieu values (N'SC01881', '17:15:00', '19:15:00', '2023-08-23', N'PH0009', 4, N'3D');
insert into SuatChieu values (N'SC01882', '19:30:00', '21:30:00', '2023-08-23', N'PH0009', 4, N'4DX');
insert into SuatChieu values (N'SC01883', '21:45:00', '23:45:00', '2023-08-23', N'PH0009', 4, N'2D');
insert into SuatChieu values (N'SC01884', '08:15:00', '10:15:00', '2023-08-23', N'PH0010', 5, N'2D');
insert into SuatChieu values (N'SC01885', '10:30:00', '12:30:00', '2023-08-23', N'PH0010', 5, N'3D');
insert into SuatChieu values (N'SC01886', '12:45:00', '14:45:00', '2023-08-23', N'PH0010', 5, N'IMAX');
insert into SuatChieu values (N'SC01887', '15:00:00', '17:00:00', '2023-08-23', N'PH0010', 5, N'2D');
insert into SuatChieu values (N'SC01888', '17:15:00', '19:15:00', '2023-08-23', N'PH0010', 5, N'3D');
insert into SuatChieu values (N'SC01889', '19:30:00', '21:30:00', '2023-08-23', N'PH0010', 5, N'4DX');
insert into SuatChieu values (N'SC01890', '21:45:00', '23:45:00', '2023-08-23', N'PH0010', 5, N'2D');
insert into SuatChieu values (N'SC01891', '08:15:00', '10:15:00', '2023-08-24', N'PH0006', 1, N'2D');
insert into SuatChieu values (N'SC01892', '10:30:00', '12:30:00', '2023-08-24', N'PH0006', 1, N'3D');
insert into SuatChieu values (N'SC01893', '12:45:00', '14:45:00', '2023-08-24', N'PH0006', 1, N'IMAX');
insert into SuatChieu values (N'SC01894', '15:00:00', '17:00:00', '2023-08-24', N'PH0006', 1, N'2D');
insert into SuatChieu values (N'SC01895', '17:15:00', '19:15:00', '2023-08-24', N'PH0006', 1, N'3D');
insert into SuatChieu values (N'SC01896', '19:30:00', '21:30:00', '2023-08-24', N'PH0006', 1, N'4DX');
insert into SuatChieu values (N'SC01897', '21:45:00', '23:45:00', '2023-08-24', N'PH0006', 1, N'2D');
insert into SuatChieu values (N'SC01898', '08:15:00', '10:15:00', '2023-08-24', N'PH0007', 2, N'2D');
insert into SuatChieu values (N'SC01899', '10:30:00', '12:30:00', '2023-08-24', N'PH0007', 2, N'3D');
insert into SuatChieu values (N'SC01900', '12:45:00', '14:45:00', '2023-08-24', N'PH0007', 2, N'IMAX');
insert into SuatChieu values (N'SC01901', '15:00:00', '17:00:00', '2023-08-24', N'PH0007', 2, N'2D');
insert into SuatChieu values (N'SC01902', '17:15:00', '19:15:00', '2023-08-24', N'PH0007', 2, N'3D');
insert into SuatChieu values (N'SC01903', '19:30:00', '21:30:00', '2023-08-24', N'PH0007', 2, N'4DX');
insert into SuatChieu values (N'SC01904', '21:45:00', '23:45:00', '2023-08-24', N'PH0007', 2, N'2D');
insert into SuatChieu values (N'SC01905', '08:15:00', '10:15:00', '2023-08-24', N'PH0008', 3, N'2D');
insert into SuatChieu values (N'SC01906', '10:30:00', '12:30:00', '2023-08-24', N'PH0008', 3, N'3D');
insert into SuatChieu values (N'SC01907', '12:45:00', '14:45:00', '2023-08-24', N'PH0008', 3, N'IMAX');
insert into SuatChieu values (N'SC01908', '15:00:00', '17:00:00', '2023-08-24', N'PH0008', 3, N'2D');
insert into SuatChieu values (N'SC01909', '17:15:00', '19:15:00', '2023-08-24', N'PH0008', 3, N'3D');
insert into SuatChieu values (N'SC01910', '19:30:00', '21:30:00', '2023-08-24', N'PH0008', 3, N'4DX');
insert into SuatChieu values (N'SC01911', '21:45:00', '23:45:00', '2023-08-24', N'PH0008', 3, N'2D');
insert into SuatChieu values (N'SC01912', '08:15:00', '10:15:00', '2023-08-24', N'PH0009', 4, N'2D');
insert into SuatChieu values (N'SC01913', '10:30:00', '12:30:00', '2023-08-24', N'PH0009', 4, N'3D');
insert into SuatChieu values (N'SC01914', '12:45:00', '14:45:00', '2023-08-24', N'PH0009', 4, N'IMAX');
insert into SuatChieu values (N'SC01915', '15:00:00', '17:00:00', '2023-08-24', N'PH0009', 4, N'2D');
insert into SuatChieu values (N'SC01916', '17:15:00', '19:15:00', '2023-08-24', N'PH0009', 4, N'3D');
insert into SuatChieu values (N'SC01917', '19:30:00', '21:30:00', '2023-08-24', N'PH0009', 4, N'4DX');
insert into SuatChieu values (N'SC01918', '21:45:00', '23:45:00', '2023-08-24', N'PH0009', 4, N'2D');
insert into SuatChieu values (N'SC01919', '08:15:00', '10:15:00', '2023-08-24', N'PH0010', 5, N'2D');
insert into SuatChieu values (N'SC01920', '10:30:00', '12:30:00', '2023-08-24', N'PH0010', 5, N'3D');
insert into SuatChieu values (N'SC01921', '12:45:00', '14:45:00', '2023-08-24', N'PH0010', 5, N'IMAX');
insert into SuatChieu values (N'SC01922', '15:00:00', '17:00:00', '2023-08-24', N'PH0010', 5, N'2D');
insert into SuatChieu values (N'SC01923', '17:15:00', '19:15:00', '2023-08-24', N'PH0010', 5, N'3D');
insert into SuatChieu values (N'SC01924', '19:30:00', '21:30:00', '2023-08-24', N'PH0010', 5, N'4DX');
insert into SuatChieu values (N'SC01925', '21:45:00', '23:45:00', '2023-08-24', N'PH0010', 5, N'2D');
insert into SuatChieu values (N'SC01926', '08:15:00', '10:15:00', '2023-08-25', N'PH0006', 1, N'2D');
insert into SuatChieu values (N'SC01927', '10:30:00', '12:30:00', '2023-08-25', N'PH0006', 1, N'3D');
insert into SuatChieu values (N'SC01928', '12:45:00', '14:45:00', '2023-08-25', N'PH0006', 1, N'IMAX');
insert into SuatChieu values (N'SC01929', '15:00:00', '17:00:00', '2023-08-25', N'PH0006', 1, N'2D');
insert into SuatChieu values (N'SC01930', '17:15:00', '19:15:00', '2023-08-25', N'PH0006', 1, N'3D');
insert into SuatChieu values (N'SC01931', '19:30:00', '21:30:00', '2023-08-25', N'PH0006', 1, N'4DX');
insert into SuatChieu values (N'SC01932', '21:45:00', '23:45:00', '2023-08-25', N'PH0006', 1, N'2D');
insert into SuatChieu values (N'SC01933', '08:15:00', '10:15:00', '2023-08-25', N'PH0007', 2, N'2D');
insert into SuatChieu values (N'SC01934', '10:30:00', '12:30:00', '2023-08-25', N'PH0007', 2, N'3D');
insert into SuatChieu values (N'SC01935', '12:45:00', '14:45:00', '2023-08-25', N'PH0007', 2, N'IMAX');
insert into SuatChieu values (N'SC01936', '15:00:00', '17:00:00', '2023-08-25', N'PH0007', 2, N'2D');
insert into SuatChieu values (N'SC01937', '17:15:00', '19:15:00', '2023-08-25', N'PH0007', 2, N'3D');
insert into SuatChieu values (N'SC01938', '19:30:00', '21:30:00', '2023-08-25', N'PH0007', 2, N'4DX');
insert into SuatChieu values (N'SC01939', '21:45:00', '23:45:00', '2023-08-25', N'PH0007', 2, N'2D');
insert into SuatChieu values (N'SC01940', '08:15:00', '10:15:00', '2023-08-25', N'PH0008', 3, N'2D');
insert into SuatChieu values (N'SC01941', '10:30:00', '12:30:00', '2023-08-25', N'PH0008', 3, N'3D');
insert into SuatChieu values (N'SC01942', '12:45:00', '14:45:00', '2023-08-25', N'PH0008', 3, N'IMAX');
insert into SuatChieu values (N'SC01943', '15:00:00', '17:00:00', '2023-08-25', N'PH0008', 3, N'2D');
insert into SuatChieu values (N'SC01944', '17:15:00', '19:15:00', '2023-08-25', N'PH0008', 3, N'3D');
insert into SuatChieu values (N'SC01945', '19:30:00', '21:30:00', '2023-08-25', N'PH0008', 3, N'4DX');
insert into SuatChieu values (N'SC01946', '21:45:00', '23:45:00', '2023-08-25', N'PH0008', 3, N'2D');
insert into SuatChieu values (N'SC01947', '08:15:00', '10:15:00', '2023-08-25', N'PH0009', 4, N'2D');
insert into SuatChieu values (N'SC01948', '10:30:00', '12:30:00', '2023-08-25', N'PH0009', 4, N'3D');
insert into SuatChieu values (N'SC01949', '12:45:00', '14:45:00', '2023-08-25', N'PH0009', 4, N'IMAX');
insert into SuatChieu values (N'SC01950', '15:00:00', '17:00:00', '2023-08-25', N'PH0009', 4, N'2D');
insert into SuatChieu values (N'SC01951', '17:15:00', '19:15:00', '2023-08-25', N'PH0009', 4, N'3D');
insert into SuatChieu values (N'SC01952', '19:30:00', '21:30:00', '2023-08-25', N'PH0009', 4, N'4DX');
insert into SuatChieu values (N'SC01953', '21:45:00', '23:45:00', '2023-08-25', N'PH0009', 4, N'2D');
insert into SuatChieu values (N'SC01954', '08:15:00', '10:15:00', '2023-08-25', N'PH0010', 5, N'2D');
insert into SuatChieu values (N'SC01955', '10:30:00', '12:30:00', '2023-08-25', N'PH0010', 5, N'3D');
insert into SuatChieu values (N'SC01956', '12:45:00', '14:45:00', '2023-08-25', N'PH0010', 5, N'IMAX');
insert into SuatChieu values (N'SC01957', '15:00:00', '17:00:00', '2023-08-25', N'PH0010', 5, N'2D');
insert into SuatChieu values (N'SC01958', '17:15:00', '19:15:00', '2023-08-25', N'PH0010', 5, N'3D');
insert into SuatChieu values (N'SC01959', '19:30:00', '21:30:00', '2023-08-25', N'PH0010', 5, N'4DX');
insert into SuatChieu values (N'SC01960', '21:45:00', '23:45:00', '2023-08-25', N'PH0010', 5, N'2D');
insert into SuatChieu values (N'SC01961', '08:15:00', '10:15:00', '2023-08-26', N'PH0006', 1, N'2D');
insert into SuatChieu values (N'SC01962', '10:30:00', '12:30:00', '2023-08-26', N'PH0006', 1, N'3D');
insert into SuatChieu values (N'SC01963', '12:45:00', '14:45:00', '2023-08-26', N'PH0006', 1, N'IMAX');
insert into SuatChieu values (N'SC01964', '15:00:00', '17:00:00', '2023-08-26', N'PH0006', 1, N'2D');
insert into SuatChieu values (N'SC01965', '17:15:00', '19:15:00', '2023-08-26', N'PH0006', 1, N'3D');
insert into SuatChieu values (N'SC01966', '19:30:00', '21:30:00', '2023-08-26', N'PH0006', 1, N'4DX');
insert into SuatChieu values (N'SC01967', '21:45:00', '23:45:00', '2023-08-26', N'PH0006', 1, N'2D');
insert into SuatChieu values (N'SC01968', '08:15:00', '10:15:00', '2023-08-26', N'PH0007', 2, N'2D');
insert into SuatChieu values (N'SC01969', '10:30:00', '12:30:00', '2023-08-26', N'PH0007', 2, N'3D');
insert into SuatChieu values (N'SC01970', '12:45:00', '14:45:00', '2023-08-26', N'PH0007', 2, N'IMAX');
insert into SuatChieu values (N'SC01971', '15:00:00', '17:00:00', '2023-08-26', N'PH0007', 2, N'2D');
insert into SuatChieu values (N'SC01972', '17:15:00', '19:15:00', '2023-08-26', N'PH0007', 2, N'3D');
insert into SuatChieu values (N'SC01973', '19:30:00', '21:30:00', '2023-08-26', N'PH0007', 2, N'4DX');
insert into SuatChieu values (N'SC01974', '21:45:00', '23:45:00', '2023-08-26', N'PH0007', 2, N'2D');
insert into SuatChieu values (N'SC01975', '08:15:00', '10:15:00', '2023-08-26', N'PH0008', 3, N'2D');
insert into SuatChieu values (N'SC01976', '10:30:00', '12:30:00', '2023-08-26', N'PH0008', 3, N'3D');
insert into SuatChieu values (N'SC01977', '12:45:00', '14:45:00', '2023-08-26', N'PH0008', 3, N'IMAX');
insert into SuatChieu values (N'SC01978', '15:00:00', '17:00:00', '2023-08-26', N'PH0008', 3, N'2D');
insert into SuatChieu values (N'SC01979', '17:15:00', '19:15:00', '2023-08-26', N'PH0008', 3, N'3D');
insert into SuatChieu values (N'SC01980', '19:30:00', '21:30:00', '2023-08-26', N'PH0008', 3, N'4DX');
insert into SuatChieu values (N'SC01981', '21:45:00', '23:45:00', '2023-08-26', N'PH0008', 3, N'2D');
insert into SuatChieu values (N'SC01982', '08:15:00', '10:15:00', '2023-08-26', N'PH0009', 4, N'2D');
insert into SuatChieu values (N'SC01983', '10:30:00', '12:30:00', '2023-08-26', N'PH0009', 4, N'3D');
insert into SuatChieu values (N'SC01984', '12:45:00', '14:45:00', '2023-08-26', N'PH0009', 4, N'IMAX');
insert into SuatChieu values (N'SC01985', '15:00:00', '17:00:00', '2023-08-26', N'PH0009', 4, N'2D');
insert into SuatChieu values (N'SC01986', '17:15:00', '19:15:00', '2023-08-26', N'PH0009', 4, N'3D');
insert into SuatChieu values (N'SC01987', '19:30:00', '21:30:00', '2023-08-26', N'PH0009', 4, N'4DX');
insert into SuatChieu values (N'SC01988', '21:45:00', '23:45:00', '2023-08-26', N'PH0009', 4, N'2D');
insert into SuatChieu values (N'SC01989', '08:15:00', '10:15:00', '2023-08-26', N'PH0010', 5, N'2D');
insert into SuatChieu values (N'SC01990', '10:30:00', '12:30:00', '2023-08-26', N'PH0010', 5, N'3D');
insert into SuatChieu values (N'SC01991', '12:45:00', '14:45:00', '2023-08-26', N'PH0010', 5, N'IMAX');
insert into SuatChieu values (N'SC01992', '15:00:00', '17:00:00', '2023-08-26', N'PH0010', 5, N'2D');
insert into SuatChieu values (N'SC01993', '17:15:00', '19:15:00', '2023-08-26', N'PH0010', 5, N'3D');
insert into SuatChieu values (N'SC01994', '19:30:00', '21:30:00', '2023-08-26', N'PH0010', 5, N'4DX');
insert into SuatChieu values (N'SC01995', '21:45:00', '23:45:00', '2023-08-26', N'PH0010', 5, N'2D');
insert into SuatChieu values (N'SC01996', '08:15:00', '10:15:00', '2023-08-27', N'PH0006', 1, N'2D');
insert into SuatChieu values (N'SC01997', '10:30:00', '12:30:00', '2023-08-27', N'PH0006', 1, N'3D');
insert into SuatChieu values (N'SC01998', '12:45:00', '14:45:00', '2023-08-27', N'PH0006', 1, N'IMAX');
insert into SuatChieu values (N'SC01999', '15:00:00', '17:00:00', '2023-08-27', N'PH0006', 1, N'2D');
insert into SuatChieu values (N'SC02000', '17:15:00', '19:15:00', '2023-08-27', N'PH0006', 1, N'3D');
insert into SuatChieu values (N'SC02001', '19:30:00', '21:30:00', '2023-08-27', N'PH0006', 1, N'4DX');
insert into SuatChieu values (N'SC02002', '21:45:00', '23:45:00', '2023-08-27', N'PH0006', 1, N'2D');
insert into SuatChieu values (N'SC02003', '08:15:00', '10:15:00', '2023-08-27', N'PH0007', 2, N'2D');
insert into SuatChieu values (N'SC02004', '10:30:00', '12:30:00', '2023-08-27', N'PH0007', 2, N'3D');
insert into SuatChieu values (N'SC02005', '12:45:00', '14:45:00', '2023-08-27', N'PH0007', 2, N'IMAX');
insert into SuatChieu values (N'SC02006', '15:00:00', '17:00:00', '2023-08-27', N'PH0007', 2, N'2D');
insert into SuatChieu values (N'SC02007', '17:15:00', '19:15:00', '2023-08-27', N'PH0007', 2, N'3D');
insert into SuatChieu values (N'SC02008', '19:30:00', '21:30:00', '2023-08-27', N'PH0007', 2, N'4DX');
insert into SuatChieu values (N'SC02009', '21:45:00', '23:45:00', '2023-08-27', N'PH0007', 2, N'2D');
insert into SuatChieu values (N'SC02010', '08:15:00', '10:15:00', '2023-08-27', N'PH0008', 3, N'2D');
insert into SuatChieu values (N'SC02011', '10:30:00', '12:30:00', '2023-08-27', N'PH0008', 3, N'3D');
insert into SuatChieu values (N'SC02012', '12:45:00', '14:45:00', '2023-08-27', N'PH0008', 3, N'IMAX');
insert into SuatChieu values (N'SC02013', '15:00:00', '17:00:00', '2023-08-27', N'PH0008', 3, N'2D');
insert into SuatChieu values (N'SC02014', '17:15:00', '19:15:00', '2023-08-27', N'PH0008', 3, N'3D');
insert into SuatChieu values (N'SC02015', '19:30:00', '21:30:00', '2023-08-27', N'PH0008', 3, N'4DX');
insert into SuatChieu values (N'SC02016', '21:45:00', '23:45:00', '2023-08-27', N'PH0008', 3, N'2D');
insert into SuatChieu values (N'SC02017', '08:15:00', '10:15:00', '2023-08-27', N'PH0009', 4, N'2D');
insert into SuatChieu values (N'SC02018', '10:30:00', '12:30:00', '2023-08-27', N'PH0009', 4, N'3D');
insert into SuatChieu values (N'SC02019', '12:45:00', '14:45:00', '2023-08-27', N'PH0009', 4, N'IMAX');
insert into SuatChieu values (N'SC02020', '15:00:00', '17:00:00', '2023-08-27', N'PH0009', 4, N'2D');
insert into SuatChieu values (N'SC02021', '17:15:00', '19:15:00', '2023-08-27', N'PH0009', 4, N'3D');
insert into SuatChieu values (N'SC02022', '19:30:00', '21:30:00', '2023-08-27', N'PH0009', 4, N'4DX');
insert into SuatChieu values (N'SC02023', '21:45:00', '23:45:00', '2023-08-27', N'PH0009', 4, N'2D');
insert into SuatChieu values (N'SC02024', '08:15:00', '10:15:00', '2023-08-27', N'PH0010', 5, N'2D');
insert into SuatChieu values (N'SC02025', '10:30:00', '12:30:00', '2023-08-27', N'PH0010', 5, N'3D');
insert into SuatChieu values (N'SC02026', '12:45:00', '14:45:00', '2023-08-27', N'PH0010', 5, N'IMAX');
insert into SuatChieu values (N'SC02027', '15:00:00', '17:00:00', '2023-08-27', N'PH0010', 5, N'2D');
insert into SuatChieu values (N'SC02028', '17:15:00', '19:15:00', '2023-08-27', N'PH0010', 5, N'3D');
insert into SuatChieu values (N'SC02029', '19:30:00', '21:30:00', '2023-08-27', N'PH0010', 5, N'4DX');
insert into SuatChieu values (N'SC02030', '21:45:00', '23:45:00', '2023-08-27', N'PH0010', 5, N'2D');
insert into SuatChieu values (N'SC02031', '08:15:00', '10:15:00', '2023-08-28', N'PH0006', 1, N'2D');
insert into SuatChieu values (N'SC02032', '10:30:00', '12:30:00', '2023-08-28', N'PH0006', 1, N'3D');
insert into SuatChieu values (N'SC02033', '12:45:00', '14:45:00', '2023-08-28', N'PH0006', 1, N'IMAX');
insert into SuatChieu values (N'SC02034', '15:00:00', '17:00:00', '2023-08-28', N'PH0006', 1, N'2D');
insert into SuatChieu values (N'SC02035', '17:15:00', '19:15:00', '2023-08-28', N'PH0006', 1, N'3D');
insert into SuatChieu values (N'SC02036', '19:30:00', '21:30:00', '2023-08-28', N'PH0006', 1, N'4DX');
insert into SuatChieu values (N'SC02037', '21:45:00', '23:45:00', '2023-08-28', N'PH0006', 1, N'2D');
insert into SuatChieu values (N'SC02038', '08:15:00', '10:15:00', '2023-08-28', N'PH0007', 2, N'2D');
insert into SuatChieu values (N'SC02039', '10:30:00', '12:30:00', '2023-08-28', N'PH0007', 2, N'3D');
insert into SuatChieu values (N'SC02040', '12:45:00', '14:45:00', '2023-08-28', N'PH0007', 2, N'IMAX');
insert into SuatChieu values (N'SC02041', '15:00:00', '17:00:00', '2023-08-28', N'PH0007', 2, N'2D');
insert into SuatChieu values (N'SC02042', '17:15:00', '19:15:00', '2023-08-28', N'PH0007', 2, N'3D');
insert into SuatChieu values (N'SC02043', '19:30:00', '21:30:00', '2023-08-28', N'PH0007', 2, N'4DX');
insert into SuatChieu values (N'SC02044', '21:45:00', '23:45:00', '2023-08-28', N'PH0007', 2, N'2D');
insert into SuatChieu values (N'SC02045', '08:15:00', '10:15:00', '2023-08-28', N'PH0008', 3, N'2D');
insert into SuatChieu values (N'SC02046', '10:30:00', '12:30:00', '2023-08-28', N'PH0008', 3, N'3D');
insert into SuatChieu values (N'SC02047', '12:45:00', '14:45:00', '2023-08-28', N'PH0008', 3, N'IMAX');
insert into SuatChieu values (N'SC02048', '15:00:00', '17:00:00', '2023-08-28', N'PH0008', 3, N'2D');
insert into SuatChieu values (N'SC02049', '17:15:00', '19:15:00', '2023-08-28', N'PH0008', 3, N'3D');
insert into SuatChieu values (N'SC02050', '19:30:00', '21:30:00', '2023-08-28', N'PH0008', 3, N'4DX');
insert into SuatChieu values (N'SC02051', '21:45:00', '23:45:00', '2023-08-28', N'PH0008', 3, N'2D');
insert into SuatChieu values (N'SC02052', '08:15:00', '10:15:00', '2023-08-28', N'PH0009', 4, N'2D');
insert into SuatChieu values (N'SC02053', '10:30:00', '12:30:00', '2023-08-28', N'PH0009', 4, N'3D');
insert into SuatChieu values (N'SC02054', '12:45:00', '14:45:00', '2023-08-28', N'PH0009', 4, N'IMAX');
insert into SuatChieu values (N'SC02055', '15:00:00', '17:00:00', '2023-08-28', N'PH0009', 4, N'2D');
insert into SuatChieu values (N'SC02056', '17:15:00', '19:15:00', '2023-08-28', N'PH0009', 4, N'3D');
insert into SuatChieu values (N'SC02057', '19:30:00', '21:30:00', '2023-08-28', N'PH0009', 4, N'4DX');
insert into SuatChieu values (N'SC02058', '21:45:00', '23:45:00', '2023-08-28', N'PH0009', 4, N'2D');
insert into SuatChieu values (N'SC02059', '08:15:00', '10:15:00', '2023-08-28', N'PH0010', 5, N'2D');
insert into SuatChieu values (N'SC02060', '10:30:00', '12:30:00', '2023-08-28', N'PH0010', 5, N'3D');
insert into SuatChieu values (N'SC02061', '12:45:00', '14:45:00', '2023-08-28', N'PH0010', 5, N'IMAX');
insert into SuatChieu values (N'SC02062', '15:00:00', '17:00:00', '2023-08-28', N'PH0010', 5, N'2D');
insert into SuatChieu values (N'SC02063', '17:15:00', '19:15:00', '2023-08-28', N'PH0010', 5, N'3D');
insert into SuatChieu values (N'SC02064', '19:30:00', '21:30:00', '2023-08-28', N'PH0010', 5, N'4DX');
insert into SuatChieu values (N'SC02065', '21:45:00', '23:45:00', '2023-08-28', N'PH0010', 5, N'2D');
insert into SuatChieu values (N'SC02066', '08:15:00', '10:15:00', '2023-08-29', N'PH0006', 1, N'2D');
insert into SuatChieu values (N'SC02067', '10:30:00', '12:30:00', '2023-08-29', N'PH0006', 1, N'3D');
insert into SuatChieu values (N'SC02068', '12:45:00', '14:45:00', '2023-08-29', N'PH0006', 1, N'IMAX');
insert into SuatChieu values (N'SC02069', '15:00:00', '17:00:00', '2023-08-29', N'PH0006', 1, N'2D');
insert into SuatChieu values (N'SC02070', '17:15:00', '19:15:00', '2023-08-29', N'PH0006', 1, N'3D');
insert into SuatChieu values (N'SC02071', '19:30:00', '21:30:00', '2023-08-29', N'PH0006', 1, N'4DX');
insert into SuatChieu values (N'SC02072', '21:45:00', '23:45:00', '2023-08-29', N'PH0006', 1, N'2D');
insert into SuatChieu values (N'SC02073', '08:15:00', '10:15:00', '2023-08-29', N'PH0007', 2, N'2D');
insert into SuatChieu values (N'SC02074', '10:30:00', '12:30:00', '2023-08-29', N'PH0007', 2, N'3D');
insert into SuatChieu values (N'SC02075', '12:45:00', '14:45:00', '2023-08-29', N'PH0007', 2, N'IMAX');
insert into SuatChieu values (N'SC02076', '15:00:00', '17:00:00', '2023-08-29', N'PH0007', 2, N'2D');
insert into SuatChieu values (N'SC02077', '17:15:00', '19:15:00', '2023-08-29', N'PH0007', 2, N'3D');
insert into SuatChieu values (N'SC02078', '19:30:00', '21:30:00', '2023-08-29', N'PH0007', 2, N'4DX');
insert into SuatChieu values (N'SC02079', '21:45:00', '23:45:00', '2023-08-29', N'PH0007', 2, N'2D');
insert into SuatChieu values (N'SC02080', '08:15:00', '10:15:00', '2023-08-29', N'PH0008', 3, N'2D');
insert into SuatChieu values (N'SC02081', '10:30:00', '12:30:00', '2023-08-29', N'PH0008', 3, N'3D');
insert into SuatChieu values (N'SC02082', '12:45:00', '14:45:00', '2023-08-29', N'PH0008', 3, N'IMAX');
insert into SuatChieu values (N'SC02083', '15:00:00', '17:00:00', '2023-08-29', N'PH0008', 3, N'2D');
insert into SuatChieu values (N'SC02084', '17:15:00', '19:15:00', '2023-08-29', N'PH0008', 3, N'3D');
insert into SuatChieu values (N'SC02085', '19:30:00', '21:30:00', '2023-08-29', N'PH0008', 3, N'4DX');
insert into SuatChieu values (N'SC02086', '21:45:00', '23:45:00', '2023-08-29', N'PH0008', 3, N'2D');
insert into SuatChieu values (N'SC02087', '08:15:00', '10:15:00', '2023-08-29', N'PH0009', 4, N'2D');
insert into SuatChieu values (N'SC02088', '10:30:00', '12:30:00', '2023-08-29', N'PH0009', 4, N'3D');
insert into SuatChieu values (N'SC02089', '12:45:00', '14:45:00', '2023-08-29', N'PH0009', 4, N'IMAX');
insert into SuatChieu values (N'SC02090', '15:00:00', '17:00:00', '2023-08-29', N'PH0009', 4, N'2D');
insert into SuatChieu values (N'SC02091', '17:15:00', '19:15:00', '2023-08-29', N'PH0009', 4, N'3D');
insert into SuatChieu values (N'SC02092', '19:30:00', '21:30:00', '2023-08-29', N'PH0009', 4, N'4DX');
insert into SuatChieu values (N'SC02093', '21:45:00', '23:45:00', '2023-08-29', N'PH0009', 4, N'2D');
insert into SuatChieu values (N'SC02094', '08:15:00', '10:15:00', '2023-08-29', N'PH0010', 5, N'2D');
insert into SuatChieu values (N'SC02095', '10:30:00', '12:30:00', '2023-08-29', N'PH0010', 5, N'3D');
insert into SuatChieu values (N'SC02096', '12:45:00', '14:45:00', '2023-08-29', N'PH0010', 5, N'IMAX');
insert into SuatChieu values (N'SC02097', '15:00:00', '17:00:00', '2023-08-29', N'PH0010', 5, N'2D');
insert into SuatChieu values (N'SC02098', '17:15:00', '19:15:00', '2023-08-29', N'PH0010', 5, N'3D');
insert into SuatChieu values (N'SC02099', '19:30:00', '21:30:00', '2023-08-29', N'PH0010', 5, N'4DX');
insert into SuatChieu values (N'SC02100', '21:45:00', '23:45:00', '2023-08-29', N'PH0010', 5, N'2D');
insert into SuatChieu values (N'SC02101', '08:15:00', '10:15:00', '2023-08-30', N'PH0006', 1, N'2D');
insert into SuatChieu values (N'SC02102', '10:30:00', '12:30:00', '2023-08-30', N'PH0006', 1, N'3D');
insert into SuatChieu values (N'SC02103', '12:45:00', '14:45:00', '2023-08-30', N'PH0006', 1, N'IMAX');
insert into SuatChieu values (N'SC02104', '15:00:00', '17:00:00', '2023-08-30', N'PH0006', 1, N'2D');
insert into SuatChieu values (N'SC02105', '17:15:00', '19:15:00', '2023-08-30', N'PH0006', 1, N'3D');
insert into SuatChieu values (N'SC02106', '19:30:00', '21:30:00', '2023-08-30', N'PH0006', 1, N'4DX');
insert into SuatChieu values (N'SC02107', '21:45:00', '23:45:00', '2023-08-30', N'PH0006', 1, N'2D');
insert into SuatChieu values (N'SC02108', '08:15:00', '10:15:00', '2023-08-30', N'PH0007', 2, N'2D');
insert into SuatChieu values (N'SC02109', '10:30:00', '12:30:00', '2023-08-30', N'PH0007', 2, N'3D');
insert into SuatChieu values (N'SC02110', '12:45:00', '14:45:00', '2023-08-30', N'PH0007', 2, N'IMAX');
insert into SuatChieu values (N'SC02111', '15:00:00', '17:00:00', '2023-08-30', N'PH0007', 2, N'2D');
insert into SuatChieu values (N'SC02112', '17:15:00', '19:15:00', '2023-08-30', N'PH0007', 2, N'3D');
insert into SuatChieu values (N'SC02113', '19:30:00', '21:30:00', '2023-08-30', N'PH0007', 2, N'4DX');
insert into SuatChieu values (N'SC02114', '21:45:00', '23:45:00', '2023-08-30', N'PH0007', 2, N'2D');
insert into SuatChieu values (N'SC02115', '08:15:00', '10:15:00', '2023-08-30', N'PH0008', 3, N'2D');
insert into SuatChieu values (N'SC02116', '10:30:00', '12:30:00', '2023-08-30', N'PH0008', 3, N'3D');
insert into SuatChieu values (N'SC02117', '12:45:00', '14:45:00', '2023-08-30', N'PH0008', 3, N'IMAX');
insert into SuatChieu values (N'SC02118', '15:00:00', '17:00:00', '2023-08-30', N'PH0008', 3, N'2D');
insert into SuatChieu values (N'SC02119', '17:15:00', '19:15:00', '2023-08-30', N'PH0008', 3, N'3D');
insert into SuatChieu values (N'SC02120', '19:30:00', '21:30:00', '2023-08-30', N'PH0008', 3, N'4DX');
insert into SuatChieu values (N'SC02121', '21:45:00', '23:45:00', '2023-08-30', N'PH0008', 3, N'2D');
insert into SuatChieu values (N'SC02122', '08:15:00', '10:15:00', '2023-08-30', N'PH0009', 4, N'2D');
insert into SuatChieu values (N'SC02123', '10:30:00', '12:30:00', '2023-08-30', N'PH0009', 4, N'3D');
insert into SuatChieu values (N'SC02124', '12:45:00', '14:45:00', '2023-08-30', N'PH0009', 4, N'IMAX');
insert into SuatChieu values (N'SC02125', '15:00:00', '17:00:00', '2023-08-30', N'PH0009', 4, N'2D');
insert into SuatChieu values (N'SC02126', '17:15:00', '19:15:00', '2023-08-30', N'PH0009', 4, N'3D');
insert into SuatChieu values (N'SC02127', '19:30:00', '21:30:00', '2023-08-30', N'PH0009', 4, N'4DX');
insert into SuatChieu values (N'SC02128', '21:45:00', '23:45:00', '2023-08-30', N'PH0009', 4, N'2D');
insert into SuatChieu values (N'SC02129', '08:15:00', '10:15:00', '2023-08-30', N'PH0010', 5, N'2D');
insert into SuatChieu values (N'SC02130', '10:30:00', '12:30:00', '2023-08-30', N'PH0010', 5, N'3D');
insert into SuatChieu values (N'SC02131', '12:45:00', '14:45:00', '2023-08-30', N'PH0010', 5, N'IMAX');
insert into SuatChieu values (N'SC02132', '15:00:00', '17:00:00', '2023-08-30', N'PH0010', 5, N'2D');
insert into SuatChieu values (N'SC02133', '17:15:00', '19:15:00', '2023-08-30', N'PH0010', 5, N'3D');
insert into SuatChieu values (N'SC02134', '19:30:00', '21:30:00', '2023-08-30', N'PH0010', 5, N'4DX');
insert into SuatChieu values (N'SC02135', '21:45:00', '23:45:00', '2023-08-30', N'PH0010', 5, N'2D');
insert into SuatChieu values (N'SC02136', '08:15:00', '10:15:00', '2023-08-31', N'PH0006', 1, N'2D');
insert into SuatChieu values (N'SC02137', '10:30:00', '12:30:00', '2023-08-31', N'PH0006', 1, N'3D');
insert into SuatChieu values (N'SC02138', '12:45:00', '14:45:00', '2023-08-31', N'PH0006', 1, N'IMAX');
insert into SuatChieu values (N'SC02139', '15:00:00', '17:00:00', '2023-08-31', N'PH0006', 1, N'2D');
insert into SuatChieu values (N'SC02140', '17:15:00', '19:15:00', '2023-08-31', N'PH0006', 1, N'3D');
insert into SuatChieu values (N'SC02141', '19:30:00', '21:30:00', '2023-08-31', N'PH0006', 1, N'4DX');
insert into SuatChieu values (N'SC02142', '21:45:00', '23:45:00', '2023-08-31', N'PH0006', 1, N'2D');
insert into SuatChieu values (N'SC02143', '08:15:00', '10:15:00', '2023-08-31', N'PH0007', 2, N'2D');
insert into SuatChieu values (N'SC02144', '10:30:00', '12:30:00', '2023-08-31', N'PH0007', 2, N'3D');
insert into SuatChieu values (N'SC02145', '12:45:00', '14:45:00', '2023-08-31', N'PH0007', 2, N'IMAX');
insert into SuatChieu values (N'SC02146', '15:00:00', '17:00:00', '2023-08-31', N'PH0007', 2, N'2D');
insert into SuatChieu values (N'SC02147', '17:15:00', '19:15:00', '2023-08-31', N'PH0007', 2, N'3D');
insert into SuatChieu values (N'SC02148', '19:30:00', '21:30:00', '2023-08-31', N'PH0007', 2, N'4DX');
insert into SuatChieu values (N'SC02149', '21:45:00', '23:45:00', '2023-08-31', N'PH0007', 2, N'2D');
insert into SuatChieu values (N'SC02150', '08:15:00', '10:15:00', '2023-08-31', N'PH0008', 3, N'2D');
insert into SuatChieu values (N'SC02151', '10:30:00', '12:30:00', '2023-08-31', N'PH0008', 3, N'3D');
insert into SuatChieu values (N'SC02152', '12:45:00', '14:45:00', '2023-08-31', N'PH0008', 3, N'IMAX');
insert into SuatChieu values (N'SC02153', '15:00:00', '17:00:00', '2023-08-31', N'PH0008', 3, N'2D');
insert into SuatChieu values (N'SC02154', '17:15:00', '19:15:00', '2023-08-31', N'PH0008', 3, N'3D');
insert into SuatChieu values (N'SC02155', '19:30:00', '21:30:00', '2023-08-31', N'PH0008', 3, N'4DX');
insert into SuatChieu values (N'SC02156', '21:45:00', '23:45:00', '2023-08-31', N'PH0008', 3, N'2D');
insert into SuatChieu values (N'SC02157', '08:15:00', '10:15:00', '2023-08-31', N'PH0009', 4, N'2D');
insert into SuatChieu values (N'SC02158', '10:30:00', '12:30:00', '2023-08-31', N'PH0009', 4, N'3D');
insert into SuatChieu values (N'SC02159', '12:45:00', '14:45:00', '2023-08-31', N'PH0009', 4, N'IMAX');
insert into SuatChieu values (N'SC02160', '15:00:00', '17:00:00', '2023-08-31', N'PH0009', 4, N'2D');
insert into SuatChieu values (N'SC02161', '17:15:00', '19:15:00', '2023-08-31', N'PH0009', 4, N'3D');
insert into SuatChieu values (N'SC02162', '19:30:00', '21:30:00', '2023-08-31', N'PH0009', 4, N'4DX');
insert into SuatChieu values (N'SC02163', '21:45:00', '23:45:00', '2023-08-31', N'PH0009', 4, N'2D');
insert into SuatChieu values (N'SC02164', '08:15:00', '10:15:00', '2023-08-31', N'PH0010', 5, N'2D');
insert into SuatChieu values (N'SC02165', '10:30:00', '12:30:00', '2023-08-31', N'PH0010', 5, N'3D');
insert into SuatChieu values (N'SC02166', '12:45:00', '14:45:00', '2023-08-31', N'PH0010', 5, N'IMAX');
insert into SuatChieu values (N'SC02167', '15:00:00', '17:00:00', '2023-08-31', N'PH0010', 5, N'2D');
insert into SuatChieu values (N'SC02168', '17:15:00', '19:15:00', '2023-08-31', N'PH0010', 5, N'3D');
insert into SuatChieu values (N'SC02169', '19:30:00', '21:30:00', '2023-08-31', N'PH0010', 5, N'4DX');
insert into SuatChieu values (N'SC02170', '21:45:00', '23:45:00', '2023-08-31', N'PH0010', 5, N'2D');


select * from Ve;
select * from SuatChieu;
Select * from Phim;
select * from NhanVien;
select * from KhachHang;